session_id	project	model_id	human_turns	mode	total_input_tokens	total_output_tokens	total_tokens	tool_calls	correction_flag_count	duration_utc_seconds	utc_start	utc_end	mixed_model	qualifying
-home-hodori-repos-whisper-cpp/2829ae85-e072-42d8-91ec-caecd58c72d2.jsonl	-home-hodori-repos-whisper-cpp	claude-opus-4-5-20251101	1	pipe	20	164	184	0	1	3	2026-04-13T00:24:32Z	2026-04-13T00:24:35Z	0	1
-home-hodori-repos-whisper-cpp/2f3352c4-be8b-4c8e-a6b6-f9551252c05f.jsonl	-home-hodori-repos-whisper-cpp	claude-opus-4-5-20251101	1	pipe	20	160	180	0	1	2	2026-04-13T00:24:11Z	2026-04-13T00:24:14Z	0	1
-home-hodori-repos-whisper-cpp/cac5d5b2-b2f8-4f96-bc57-cdd6bf04b1da.jsonl	-home-hodori-repos-whisper-cpp	claude-opus-4-5-20251101	1	pipe	20	166	186	0	1	2	2026-04-13T00:24:39Z	2026-04-13T00:24:42Z	0	1
-home-hodori-scripts/2c42829b-f20e-4e6d-ab6d-e9bc9689edf9.jsonl	-home-hodori-scripts	claude-opus-4-5-20251101	1	pipe	62	2208	2270	3	1	18	2026-04-12T23:22:50Z	2026-04-12T23:23:09Z	0	1
-home-hodori-scripts/4251b299-7acb-4e11-859a-99ac8786b733.jsonl	-home-hodori-scripts	claude-opus-4-5-20251101	1	pipe	20	282	302	0	1	5	2026-04-12T23:24:01Z	2026-04-12T23:24:06Z	0	1
-home-hodori-scripts/4c27bde1-870b-4a86-843b-8e837812d9ed.jsonl	-home-hodori-scripts	claude-opus-4-5-20251101	22	passenger	1546	71256	72802	50	6	7699	2026-04-13T11:44:50Z	2026-04-13T13:53:09Z	0	1
-home-hodori-scripts/52194c15-bc2b-4c3a-8db4-147f8160e76e.jsonl	-home-hodori-scripts	claude-opus-4-5-20251101	1	pipe	36	494	530	1	1	7	2026-04-12T23:24:35Z	2026-04-12T23:24:42Z	0	1
-home-hodori-scripts/5c784a55-9945-4b84-a916-091c73dffdb6.jsonl	-home-hodori-scripts	claude-opus-4-5-20251101	1	pipe	20	238	258	0	1	3	2026-04-12T23:23:51Z	2026-04-12T23:23:54Z	0	1
-home-hodori-scripts/6e2c96f7-b977-4d4f-a815-87222dacbbc3.jsonl	-home-hodori-scripts	claude-opus-4-5-20251101	1	pipe	20	160	180	0	1	1	2026-04-12T23:23:39Z	2026-04-12T23:23:41Z	0	1
-home-hodori-scripts/eb32328d-1d10-4ea6-aab0-7447e190c196.jsonl	-home-hodori-scripts	claude-opus-4-5-20251101	1	pipe	20	342	362	0	1	4	2026-04-12T23:23:03Z	2026-04-12T23:23:07Z	0	1
-home-hodori-subtract-ing-runtime/8b995fe9-9a84-46aa-b1ec-6f59899640a8.jsonl	-home-hodori-subtract-ing-runtime	claude-sonnet-4-6	1	pipe	6	9520	9526	0	1	75	2026-04-19T06:20:48Z	2026-04-19T06:22:04Z	0	1
-home-hodori-subtract-ing/09b507f1-fa0c-4480-b43b-0d1d08e5941d.jsonl	-home-hodori-subtract-ing	claude-opus-4-7	1	pipe	5	12	17	0	0	1	2026-04-19T15:47:45Z	2026-04-19T15:47:46Z	0	1
-home-hodori-subtract-ing/2d870c64-dbbc-4d99-a8e4-9d3885a678ba.jsonl	-home-hodori-subtract-ing	claude-opus-4-5-20251101	1	pipe	36	924	960	1	0	8	2026-04-15T18:48:03Z	2026-04-15T18:48:11Z	0	1
-home-hodori-subtract-ing/2d9c3f44-67e5-41c0-83c2-59618e62e467.jsonl	-home-hodori-subtract-ing	claude-opus-4-5-20251101	1	pipe	20	2252	2272	0	1	23	2026-04-13T00:19:09Z	2026-04-13T00:19:32Z	0	1
-home-hodori-subtract-ing/347ece3c-88d6-486f-bafd-2171e1774ada.jsonl	-home-hodori-subtract-ing	claude-opus-4-7	1	pipe	6	10	16	0	0	2	2026-04-19T15:47:17Z	2026-04-19T15:47:19Z	0	1
-home-hodori-subtract-ing/4a484d6d-a555-4e4f-bbb1-a31142b059eb.jsonl	-home-hodori-subtract-ing	claude-opus-4-7	1	pipe	5	13	18	0	0	1	2026-04-19T15:48:56Z	2026-04-19T15:48:57Z	0	1
-home-hodori-subtract-ing/6881e1bb-ea6c-453c-9ce6-38d941e7737b.jsonl	-home-hodori-subtract-ing	claude-sonnet-4-6	1	pipe	2	5	7	0	0	1	2026-04-19T06:11:26Z	2026-04-19T06:11:28Z	0	1
-home-hodori-subtract-ing/75710c44-0c41-4dbe-a3db-ce0b072e69fc.jsonl	-home-hodori-subtract-ing	claude-opus-4-7	1	pipe	5	6	11	0	0	2	2026-04-19T15:47:21Z	2026-04-19T15:47:24Z	0	1
-home-hodori-subtract-ing/9bec8f81-52ad-4747-aa7a-5ecdd946c442.jsonl	-home-hodori-subtract-ing	claude-opus-4-5-20251101	1	pipe	20	154	174	0	1	3	2026-04-13T00:19:37Z	2026-04-13T00:19:40Z	0	1
-home-hodori-subtract-ing/d5e9eb35-104e-4a3c-a7fe-443bed9cbcbe.jsonl	-home-hodori-subtract-ing	claude-opus-4-5-20251101	1	pipe	20	304	324	0	0	4	2026-04-15T18:47:54Z	2026-04-15T18:47:58Z	0	1
-home-hodori-subtract/0ac09332-53d9-4856-b694-5a502b52963f.jsonl	-home-hodori-subtract	claude-opus-4-6	1	pipe	3	32	35	0	1	1	2026-04-05T16:25:24Z	2026-04-05T16:25:26Z	0	1
-home-hodori-subtract/18f6f14b-d323-41a6-a5f8-300f34ccfe4b.jsonl	-home-hodori-subtract	claude-opus-4-6	1	pipe	3	1	4	0	1	3	2026-04-06T22:41:27Z	2026-04-06T22:41:30Z	0	1
-home-hodori-subtract/1f1b25ee-b67f-49be-8e8b-449eeb42b1bd.jsonl	-home-hodori-subtract	claude-opus-4-6	1	pipe	3	32	35	0	1	2	2026-04-06T22:41:43Z	2026-04-06T22:41:46Z	0	1
-home-hodori-subtract/22f6b5af-b295-4e02-9e69-a10ba84f6c80.jsonl	-home-hodori-subtract	claude-opus-4-5-20251101	1	pipe	20	1006	1026	0	0	12	2026-04-16T02:10:02Z	2026-04-16T02:10:15Z	0	1
-home-hodori-subtract/29cee068-232a-45fe-bd54-7412ab907600.jsonl	-home-hodori-subtract	claude-opus-4-6	1	pipe	3	32	35	0	1	2	2026-04-07T00:19:53Z	2026-04-07T00:19:56Z	0	1
-home-hodori-subtract/302ba31c-0bed-4039-bff1-a21d5213c994.jsonl	-home-hodori-subtract	claude-opus-4-5-20251101	1	pipe	36	942	978	1	0	35	2026-04-16T02:10:20Z	2026-04-16T02:10:56Z	0	1
-home-hodori-subtract/440b1fdd-9ccf-4292-886a-44a09fc3b5ff.jsonl	-home-hodori-subtract	claude-opus-4-6	1	pipe	3	32	35	0	1	1	2026-04-07T00:56:21Z	2026-04-07T00:56:23Z	0	1
-home-hodori-subtract/642cb10d-17f1-4509-8103-ed60606cd1fc.jsonl	-home-hodori-subtract	claude-opus-4-6	1	pipe	3	32	35	0	1	2	2026-04-05T16:14:47Z	2026-04-05T16:14:50Z	0	1
-home-hodori-subtract/6bcf3f27-fac0-4865-8a56-93d8630c96ba.jsonl	-home-hodori-subtract	claude-opus-4-6	1	pipe	3	32	35	0	1	2	2026-04-05T17:30:09Z	2026-04-05T17:30:11Z	0	1
-home-hodori-subtract/6ff778dc-3655-44b6-8e3f-5b6d793bb608.jsonl	-home-hodori-subtract	claude-opus-4-6	1	pipe	3	37	40	0	1	2	2026-04-07T01:07:58Z	2026-04-07T01:08:00Z	0	1
-home-hodori-subtract/9f47a69d-4e68-43ca-90b7-32f273c4cf74.jsonl	-home-hodori-subtract	claude-opus-4-6	1	pipe	3	1	4	0	1	5	2026-04-07T01:36:44Z	2026-04-07T01:36:49Z	0	1
-home-hodori-subtract/a07d8970-c26c-4ba9-84da-cc97cb239910.jsonl	-home-hodori-subtract	claude-opus-4-6	1	pipe	3	1	4	0	1	2	2026-04-05T16:25:39Z	2026-04-05T16:25:42Z	0	1
-home-hodori-subtract/a184ceac-f696-46a8-8fd5-19241bfdf1ac.jsonl	-home-hodori-subtract	claude-opus-4-5-20251101	1	pipe	20	694	714	0	0	9	2026-04-16T02:10:38Z	2026-04-16T02:10:48Z	0	1
-home-hodori-subtract/a5020912-d82a-4e7a-861e-2dec7cf6b539.jsonl	-home-hodori-subtract	claude-opus-4-6	1	pipe	3	32	35	0	1	2	2026-04-05T16:34:39Z	2026-04-05T16:34:41Z	0	1
-home-hodori-subtract/a599d1c0-7702-43d8-be43-5ac0b0446c1a.jsonl	-home-hodori-subtract	claude-opus-4-6	1	pipe	3	32	35	0	1	1	2026-04-05T20:28:08Z	2026-04-05T20:28:10Z	0	1
-home-hodori-subtract/a9a86a7f-e9a4-4cc9-9fb8-509d2a6e638a.jsonl	-home-hodori-subtract	claude-opus-4-6	1	pipe	3	32	35	0	1	2	2026-04-05T16:18:52Z	2026-04-05T16:18:54Z	0	1
-home-hodori-subtract/b2826024-20f6-4e9e-b165-74380e2ca8ca.jsonl	-home-hodori-subtract	claude-opus-4-6	1	pipe	3	1	4	0	1	2	2026-04-05T18:59:20Z	2026-04-05T18:59:23Z	0	1
-home-hodori-subtract/b2f032b0-308a-44c4-853b-008263ea4f59.jsonl	-home-hodori-subtract	claude-opus-4-6	1	pipe	3	32	35	0	1	3	2026-04-06T22:08:33Z	2026-04-06T22:08:36Z	0	1
-home-hodori-subtract/b862c3a1-211f-48b9-bf8f-93f02ed729e6.jsonl	-home-hodori-subtract	claude-opus-4-6	1	pipe	3	1	4	0	1	2	2026-04-05T18:50:03Z	2026-04-05T18:50:06Z	0	1
-home-hodori-subtract/bcb95ad7-b354-4af7-a377-7e14fdac1c0f.jsonl	-home-hodori-subtract	claude-opus-4-6	1	pipe	3	32	35	0	1	2	2026-04-05T18:43:27Z	2026-04-05T18:43:30Z	0	1
-home-hodori-subtract/c0430ee3-86e6-47b7-9792-24b33594282a.jsonl	-home-hodori-subtract	claude-opus-4-6	1	pipe	3	32	35	0	1	3	2026-04-05T19:36:05Z	2026-04-05T19:36:09Z	0	1
-home-hodori-subtract/c778b7d7-57b8-47b1-8645-4bed61908142.jsonl	-home-hodori-subtract	claude-opus-4-6	1	pipe	3	32	35	0	1	2	2026-04-05T18:03:56Z	2026-04-05T18:03:59Z	0	1
-home-hodori-subtract/d7192a18-0484-4b3e-bd3d-48b0fdd7e3ca.jsonl	-home-hodori-subtract	claude-opus-4-6	1	pipe	3	32	35	0	1	2	2026-04-06T22:45:50Z	2026-04-06T22:45:53Z	0	1
-home-hodori-subtract/dc807388-d10d-40a3-9bf8-4d2f4f4c6fd0.jsonl	-home-hodori-subtract	claude-opus-4-6	1	pipe	3	32	35	0	1	9	2026-04-05T18:57:13Z	2026-04-05T18:57:22Z	0	1
-home-hodori-subtract/e1677b45-f92d-4fb2-9f94-93abefb65a6b.jsonl	-home-hodori-subtract	claude-opus-4-6	1	pipe	3	1	4	0	1	2	2026-04-04T17:01:12Z	2026-04-04T17:01:15Z	0	1
-home-hodori-subtract/f260733c-77e5-4e97-ac45-c6f6bda88eb7.jsonl	-home-hodori-subtract	claude-opus-4-6	1	pipe	3	32	35	0	1	2	2026-04-05T16:17:21Z	2026-04-05T16:17:24Z	0	1
-home-hodori-subtract/ffb380f7-c0a5-4392-8a8b-8e67f69e1210.jsonl	-home-hodori-subtract	claude-opus-4-6	1	pipe	3	32	35	0	1	2	2026-04-06T21:39:51Z	2026-04-06T21:39:54Z	0	1
-home-hodori/002709f5-064b-4ea9-a4af-c7718e98d305.jsonl	-home-hodori	claude-opus-4-7	1	pipe	12	1234	1246	0	1	11	2026-04-17T22:12:48Z	2026-04-17T22:12:59Z	0	1
-home-hodori/0064dff9-d282-4034-a081-e21eb88da607.jsonl	-home-hodori	claude-opus-4-5-20251101	1	pipe	20	894	914	0	1	11	2026-04-13T23:26:10Z	2026-04-13T23:26:22Z	0	1
-home-hodori/00f88956-c6c6-4047-af07-34504ef6dc67.jsonl	-home-hodori		2	governor	0	0	0	0	1	0	2026-03-26T19:00:47Z	2026-03-26T19:00:47Z	0	0
-home-hodori/014cf125-04e3-4ac7-92c5-098b617ec7ad.jsonl	-home-hodori	claude-opus-4-6	1	pipe	4	103	107	0	1	3	2026-04-06T21:05:16Z	2026-04-06T21:05:19Z	0	1
-home-hodori/0187e0e0-5cbc-4b06-bd07-08f91b82912a.jsonl	-home-hodori	claude-opus-4-7	1	pipe	5	995	1000	0	1	16	2026-04-19T15:52:05Z	2026-04-19T15:52:22Z	0	1
-home-hodori/01b92fa0-5b95-4a7f-b985-6b483980c74f.jsonl	-home-hodori	claude-opus-4-6	1	pipe	4	150	154	0	1	4	2026-04-06T20:56:40Z	2026-04-06T20:56:44Z	0	1
-home-hodori/031e19c6-7ed6-4564-beb9-65b54c53d5ca.jsonl	-home-hodori	claude-opus-4-6	5	collaborator	81	8996	9077	37	3	1003	2026-04-05T19:29:56Z	2026-04-05T19:46:39Z	0	1
-home-hodori/038d4554-2989-45b5-ac3c-cf62710592e2.jsonl	-home-hodori	claude-opus-4-6	1	pipe	6	93	99	0	1	5	2026-04-06T21:00:45Z	2026-04-06T21:00:50Z	0	1
-home-hodori/041ce130-66c4-4c6b-a7b7-35fb8b4f6cca.jsonl	-home-hodori	claude-opus-4-5-20251101	13	collaborator	1020	27328	28348	45	5	1454	2026-04-14T16:11:43Z	2026-04-14T16:35:58Z	0	1
-home-hodori/07fc04f0-9e72-4370-a71d-c751bd89cbb6.jsonl	-home-hodori	claude-opus-4-6	1	pipe	4	52	56	0	1	5	2026-04-06T20:57:29Z	2026-04-06T20:57:34Z	0	1
-home-hodori/0813ab5b-5e3e-40fb-8c29-c3fa75edfd2b.jsonl	-home-hodori	claude-opus-4-6	1	pipe	4	58	62	0	1	3	2026-04-06T21:04:42Z	2026-04-06T21:04:45Z	0	1
-home-hodori/0882aef7-791f-48c2-a02d-069be33a4f09.jsonl	-home-hodori	claude-opus-4-6	1	pipe	6	94	100	0	1	3	2026-04-06T21:01:45Z	2026-04-06T21:01:48Z	0	1
-home-hodori/0882f214-70ae-4558-9cf6-616e0da486f7.jsonl	-home-hodori	claude-opus-4-6	144	passenger	760	80364	81124	199	43	20805	2026-04-02T20:24:00Z	2026-04-03T02:10:46Z	0	1
-home-hodori/089237a7-6107-4880-bbfd-6b61f9f0d0e5.jsonl	-home-hodori	claude-opus-4-7	1	pipe	10	4568	4578	0	1	35	2026-04-19T13:50:26Z	2026-04-19T13:51:01Z	0	1
-home-hodori/09ea1317-611c-4f58-b4b7-69f604c8642c.jsonl	-home-hodori	claude-opus-4-6	1	pipe	4	152	156	0	1	4	2026-04-06T20:41:27Z	2026-04-06T20:41:31Z	0	1
-home-hodori/0a06322c-4f4e-49d3-a23d-8c33435959f8.jsonl	-home-hodori	claude-opus-4-6	1	pipe	4	92	96	0	1	3	2026-04-06T21:04:04Z	2026-04-06T21:04:07Z	0	1
-home-hodori/0a3232e3-bce0-4f18-b7e3-9b56b5a7bca5.jsonl	-home-hodori	claude-opus-4-5-20251101	1	pipe	20	838	858	0	1	9	2026-04-12T23:30:07Z	2026-04-12T23:30:16Z	0	1
-home-hodori/0aac0789-1e04-4779-8899-3bbc7339bb90.jsonl	-home-hodori	claude-opus-4-6	6	collaborator	21	861	882	6	1	1057	2026-04-06T04:48:23Z	2026-04-06T05:06:01Z	0	1
-home-hodori/0af5d874-8466-43c8-ae57-fb107ffd9536.jsonl	-home-hodori	claude-opus-4-6	1	pipe	4	163	167	0	1	5	2026-04-06T20:56:25Z	2026-04-06T20:56:30Z	0	1
-home-hodori/0b511dc7-e379-4978-b867-be4cf9377f8c.jsonl	-home-hodori	claude-opus-4-6	17	passenger	105	9378	9483	28	6	1817	2026-04-03T14:09:15Z	2026-04-03T14:39:33Z	0	1
-home-hodori/0b6e2a20-5869-4dee-aa19-9a3f14ba56ca.jsonl	-home-hodori	claude-opus-4-6	1	pipe	6	92	98	0	1	2	2026-04-06T20:59:38Z	2026-04-06T20:59:41Z	0	1
-home-hodori/0b8a3816-2881-4f20-a47d-a23e471f891b.jsonl	-home-hodori	claude-opus-4-6	39	passenger	2469	20163	22632	53	12	5407	2026-04-02T01:41:47Z	2026-04-02T03:11:55Z	0	1
-home-hodori/0c4fc0a1-8478-47e2-8def-ce3d42552d5d.jsonl	-home-hodori	claude-opus-4-6	1	pipe	4	102	106	0	1	5	2026-04-06T20:58:49Z	2026-04-06T20:58:55Z	0	1
-home-hodori/0ca940d0-f06b-4f27-81d6-be21bb2e6c6e.jsonl	-home-hodori	claude-opus-4-6	1	pipe	4	224	228	0	1	6	2026-04-06T20:56:48Z	2026-04-06T20:56:54Z	0	1
-home-hodori/0cdf3e7f-2d4a-4c5a-a81d-15c066f28bbb.jsonl	-home-hodori	claude-opus-4-6	67	passenger	605	59274	59879	236	18	10591	2026-04-04T21:01:18Z	2026-04-04T23:57:49Z	0	1
-home-hodori/0d544a6c-dfae-4cf6-b4d3-325138c481bc.jsonl	-home-hodori	claude-opus-4-5-20251101	1	pipe	20	356	376	0	1	5	2026-04-14T00:07:58Z	2026-04-14T00:08:03Z	0	1
-home-hodori/0eca3870-7add-48df-a92b-fc5fe5da0375.jsonl	-home-hodori	claude-opus-4-6	1	pipe	6	105	111	0	1	4	2026-04-06T21:00:55Z	2026-04-06T21:01:00Z	0	1
-home-hodori/0fd7ba0d-1f23-4275-b0b5-492e5333894e.jsonl	-home-hodori	claude-opus-4-6	1	pipe	6	91	97	0	1	3	2026-04-06T21:04:31Z	2026-04-06T21:04:35Z	0	1
-home-hodori/10ef6e2d-dfe6-4922-94ed-5d76e4eaeba6.jsonl	-home-hodori	claude-opus-4-5-20251101	7	collaborator	514	12991	13505	22	1	498	2026-04-14T14:53:58Z	2026-04-14T15:02:17Z	0	1
-home-hodori/1123e780-7a34-4672-94b1-c47368a65c0b.jsonl	-home-hodori	claude-opus-4-6	11	collaborator	77	8366	8443	27	1	1391	2026-04-06T04:16:56Z	2026-04-06T04:40:08Z	0	1
-home-hodori/11c8b90f-049e-47c1-8825-74665c31fb51.jsonl	-home-hodori	claude-opus-4-5-20251101	14	collaborator	8828	31898	40726	42	4	910	2026-04-12T05:31:44Z	2026-04-12T05:46:55Z	0	1
-home-hodori/12e6b433-26b9-45b7-a5bb-705f3be77d82.jsonl	-home-hodori	claude-opus-4-7	62	passenger	1099	789636	790735	159	15	16558	2026-04-18T17:28:47Z	2026-04-18T22:04:45Z	0	1
-home-hodori/138e4c27-cd0f-465b-82bf-cf45899dcfd6.jsonl	-home-hodori	claude-opus-4-5-20251101	25	passenger	1246	55305	56551	50	5	29253	2026-04-14T04:39:41Z	2026-04-14T12:47:14Z	0	1
-home-hodori/13929a69-6bcc-4896-9061-e21550bbd6d9.jsonl	-home-hodori	claude-opus-4-6	1	pipe	4	54	58	0	1	10	2026-04-06T21:07:18Z	2026-04-06T21:07:28Z	0	1
-home-hodori/13fc2e83-8bbb-4ab2-89a1-8c7a5bb59a64.jsonl	-home-hodori	claude-opus-4-7	84	passenger	1627	447633	449260	231	15	20994	2026-04-19T11:17:01Z	2026-04-19T17:06:55Z	0	1
-home-hodori/140fecb1-f309-45c9-9b53-d3dc491fdb5c.jsonl	-home-hodori	claude-opus-4-6	1	pipe	4	125	129	0	1	6	2026-04-06T20:38:52Z	2026-04-06T20:38:58Z	0	1
-home-hodori/1495bbde-8baa-4c53-ba75-52444549dde8.jsonl	-home-hodori	claude-opus-4-6	1	pipe	4	136	140	0	1	5	2026-04-06T20:35:51Z	2026-04-06T20:35:57Z	0	1
-home-hodori/14a11fbc-a411-4576-aa04-6035529ed5a9.jsonl	-home-hodori	claude-opus-4-6	216	passenger	3827	128344	132171	425	56	50345	2026-03-30T01:58:19Z	2026-03-30T15:57:25Z	0	1
-home-hodori/153a9980-25f2-44dc-9741-f5de22b975d4.jsonl	-home-hodori	claude-opus-4-6	1	pipe	4	132	136	0	1	4	2026-04-06T20:40:22Z	2026-04-06T20:40:26Z	0	1
-home-hodori/167b2aa3-0488-40e3-bb03-cf366df05cee.jsonl	-home-hodori	claude-opus-4-5-20251101	1	pipe	20	166	186	0	0	4	2026-04-14T01:02:57Z	2026-04-14T01:03:02Z	0	1
-home-hodori/17e9d1a0-2732-4929-b8ae-636c56a45720.jsonl	-home-hodori	claude-opus-4-6	1	pipe	4	136	140	0	1	4	2026-04-06T20:37:06Z	2026-04-06T20:37:10Z	0	1
-home-hodori/18d3b12e-3fba-4d34-9fc2-6efe8d763c97.jsonl	-home-hodori	claude-opus-4-5-20251101	7	collaborator	340	10443	10783	15	3	559	2026-04-14T15:36:54Z	2026-04-14T15:46:13Z	0	1
-home-hodori/190c38f6-5546-4f25-bf52-a8693016daaf.jsonl	-home-hodori	claude-opus-4-6	1	pipe	4	183	187	0	1	6	2026-04-06T20:54:05Z	2026-04-06T20:54:11Z	0	1
-home-hodori/19367ede-c0f9-474b-9397-766b4cc1992d.jsonl	-home-hodori	claude-opus-4-5-20251101	6	collaborator	290	8303	8593	11	1	211	2026-04-14T15:32:55Z	2026-04-14T15:36:27Z	0	1
-home-hodori/196ea078-a473-40b0-9b9c-fb9b2c27ec64.jsonl	-home-hodori	claude-opus-4-6	397	passenger	7486	225486	232972	617	88	74821	2026-03-29T05:11:02Z	2026-03-30T01:58:04Z	0	1
-home-hodori/1bd0e7ec-47a8-41b8-a505-9e4d7649f603.jsonl	-home-hodori	claude-opus-4-6	1	pipe	4	102	106	0	1	3	2026-04-06T21:05:11Z	2026-04-06T21:05:14Z	0	1
-home-hodori/1be1427b-69fa-4d2f-842d-a0681bb60707.jsonl	-home-hodori	claude-opus-4-6	1	pipe	6	94	100	0	1	3	2026-04-06T21:00:29Z	2026-04-06T21:00:32Z	0	1
-home-hodori/1c365401-4565-4f56-a00e-b6ff7631e6eb.jsonl	-home-hodori	claude-opus-4-6	1	pipe	4	220	224	0	1	9	2026-04-06T20:52:56Z	2026-04-06T20:53:05Z	0	1
-home-hodori/1c8d71bb-f241-4ade-9ccf-3cc082ca6418.jsonl	-home-hodori	claude-opus-4-5-20251101	2	governor	200	4878	5078	10	1	114	2026-04-14T15:26:40Z	2026-04-14T15:28:35Z	0	1
-home-hodori/1cf7d4df-88c2-4536-aec4-dc8710b651ac.jsonl	-home-hodori	claude-opus-4-5-20251101	221	passenger	14784	664869	679653	678	66	25499	2026-04-11T13:25:57Z	2026-04-11T20:30:57Z	0	1
-home-hodori/1de65fd3-1519-4dc4-9177-32e854e42a65.jsonl	-home-hodori	claude-opus-4-5-20251101	1	pipe	20	726	746	0	0	10	2026-04-14T00:29:29Z	2026-04-14T00:29:40Z	0	1
-home-hodori/1e54cefa-241e-4586-8c78-d430d57a546e.jsonl	-home-hodori	claude-opus-4-5-20251101	23	passenger	1730	67668	69398	91	5	3683	2026-04-17T06:17:33Z	2026-04-17T07:18:56Z	0	1
-home-hodori/1ed7c456-fb16-4c0a-a59b-59e8678d2c2b.jsonl	-home-hodori	claude-opus-4-6	1	pipe	6	54	60	0	1	3	2026-04-06T20:58:38Z	2026-04-06T20:58:41Z	0	1
-home-hodori/1f8bb5d2-0db1-42cb-ad03-f4824bcc0f55.jsonl	-home-hodori	claude-opus-4-6	1	pipe	6	106	112	0	1	4	2026-04-06T21:08:53Z	2026-04-06T21:08:57Z	0	1
-home-hodori/203d156a-42b2-49fe-8910-45dbaf72994a.jsonl	-home-hodori	claude-opus-4-6	1	pipe	4	102	106	0	1	3	2026-04-06T20:59:07Z	2026-04-06T20:59:10Z	0	1
-home-hodori/21613c4c-21b5-4314-9952-d9cff0a53c85.jsonl	-home-hodori	claude-opus-4-6	1	pipe	6	102	108	0	1	4	2026-04-06T20:59:47Z	2026-04-06T20:59:52Z	0	1
-home-hodori/21969e94-f561-451f-85f5-68736ca302b5.jsonl	-home-hodori	claude-opus-4-6	1	pipe	4	135	139	0	1	5	2026-04-06T20:38:38Z	2026-04-06T20:38:43Z	0	1
-home-hodori/21fb2949-0dd2-47da-8a66-68584eaeaaa4.jsonl	-home-hodori	claude-opus-4-6	1	pipe	4	122	126	0	1	4	2026-04-06T20:49:30Z	2026-04-06T20:49:35Z	0	1
-home-hodori/225ef331-57e1-4758-8376-bc909f4e1972.jsonl	-home-hodori	claude-opus-4-6	1	pipe	4	50	54	0	1	6	2026-04-06T20:37:12Z	2026-04-06T20:37:19Z	0	1
-home-hodori/22fe47ff-de24-41a3-8e82-4f0bec1e1fe9.jsonl	-home-hodori	claude-opus-4-7	1	pipe	10	4812	4822	0	1	40	2026-04-19T13:51:47Z	2026-04-19T13:52:27Z	0	1
-home-hodori/25371ef8-b1c0-4329-94ad-9c6a423f7b85.jsonl	-home-hodori	claude-opus-4-5-20251101	1	pipe	20	250	270	0	1	3	2026-04-13T23:28:03Z	2026-04-13T23:28:07Z	0	1
-home-hodori/26448bc1-2167-4919-af40-65b8906d571a.jsonl	-home-hodori	claude-opus-4-5-20251101	22	passenger	1848	61114	62962	83	5	3296	2026-04-14T13:58:33Z	2026-04-14T14:53:29Z	0	1
-home-hodori/26c60ef5-c1c3-4b4d-ad35-f2a328eeb2e9.jsonl	-home-hodori	claude-opus-4-6	1	pipe	4	136	140	0	1	4	2026-04-06T20:39:17Z	2026-04-06T20:39:21Z	0	1
-home-hodori/271a1b78-3e47-4fd7-8edd-fb1b9e5cfcd3.jsonl	-home-hodori	claude-opus-4-6	1	pipe	4	338	342	0	1	9	2026-04-06T20:48:59Z	2026-04-06T20:49:09Z	0	1
-home-hodori/2771823c-ba02-4a35-b108-ddd1a5597667.jsonl	-home-hodori	claude-opus-4-6	212	passenger	19025	463995	483020	473	68	66420	2026-04-10T10:30:48Z	2026-04-11T04:57:48Z	1	1
-home-hodori/27bc0c4b-3996-4ef1-9e06-055f536e2f7d.jsonl	-home-hodori	claude-opus-4-6	1	pipe	4	50	54	0	1	4	2026-04-06T20:35:41Z	2026-04-06T20:35:45Z	0	1
-home-hodori/2899f2fd-4393-4d51-97c5-424d5c7430d6.jsonl	-home-hodori	claude-opus-4-7	1	pipe	10	2268	2278	0	1	18	2026-04-19T15:53:15Z	2026-04-19T15:53:33Z	0	1
-home-hodori/2b2230c7-5a60-422e-a6ab-1afebb9acec0.jsonl	-home-hodori	claude-opus-4-6	1	pipe	4	103	107	0	1	4	2026-04-06T21:01:34Z	2026-04-06T21:01:38Z	0	1
-home-hodori/2b3c9e56-a275-4394-bb5c-d218e0a8e4cd.jsonl	-home-hodori	claude-opus-4-6	1	pipe	4	56	60	0	1	3	2026-04-06T21:02:34Z	2026-04-06T21:02:38Z	0	1
-home-hodori/2ba36c90-4fb0-4578-8bdf-d047e1e59c60.jsonl	-home-hodori	claude-opus-4-6	1	pipe	4	93	97	0	1	3	2026-04-06T20:58:56Z	2026-04-06T20:58:59Z	0	1
-home-hodori/2c287984-a6b4-44b6-ad1a-73d9e94e245e.jsonl	-home-hodori	claude-opus-4-5-20251101	1	pipe	20	400	420	0	1	7	2026-04-14T00:15:30Z	2026-04-14T00:15:38Z	0	1
-home-hodori/2cce910c-bb6e-45ed-bd3f-81a1887d253e.jsonl	-home-hodori	claude-opus-4-6	1	pipe	4	237	241	0	1	6	2026-04-06T20:49:10Z	2026-04-06T20:49:17Z	0	1
-home-hodori/2ceb5609-69f3-4b0a-8102-ec4d3fe50cf8.jsonl	-home-hodori	claude-opus-4-5-20251101	152	passenger	11069	809643	820712	389	42	57842	2026-04-17T11:55:56Z	2026-04-18T03:59:58Z	1	1
-home-hodori/2d4f5c0c-a0e6-4d58-a86d-ebaefc195e79.jsonl	-home-hodori	claude-opus-4-6	1	pipe	4	131	135	0	1	3	2026-04-06T20:39:23Z	2026-04-06T20:39:26Z	0	1
-home-hodori/2dcf9f01-8677-48a2-a8a5-14b3c7401c71.jsonl	-home-hodori	claude-opus-4-6	1	pipe	4	153	157	0	1	6	2026-04-06T20:41:07Z	2026-04-06T20:41:13Z	0	1
-home-hodori/2edf411f-5e8a-42db-a50c-9cb4c86dcb60.jsonl	-home-hodori	claude-opus-4-6	1	pipe	4	151	155	0	1	4	2026-04-06T20:42:52Z	2026-04-06T20:42:56Z	0	1
-home-hodori/2f1e5cf4-56d5-4dff-8bbb-a001740ef028.jsonl	-home-hodori	claude-opus-4-6	1	pipe	4	50	54	0	1	5	2026-04-06T20:36:04Z	2026-04-06T20:36:10Z	0	1
-home-hodori/2f4cfe9f-a433-4f51-a3b7-82fc0ad6a5a5.jsonl	-home-hodori	claude-opus-4-6	1	pipe	6	334	340	0	1	9	2026-04-06T21:08:28Z	2026-04-06T21:08:38Z	0	1
-home-hodori/2f7604bf-310f-4f57-825a-e9d1faec3e34.jsonl	-home-hodori	claude-opus-4-6	1	pipe	6	101	107	0	1	4	2026-04-06T21:00:07Z	2026-04-06T21:00:12Z	0	1
-home-hodori/305b8b7f-d2c6-4d90-93b0-a0e82adcfb08.jsonl	-home-hodori	claude-opus-4-7	1	pipe	10	5150	5160	0	1	39	2026-04-19T13:53:20Z	2026-04-19T13:53:59Z	0	1
-home-hodori/30cf32dd-610a-443c-809f-e4416b73a4e5.jsonl	-home-hodori	claude-opus-4-6	1	pipe	6	94	100	0	1	3	2026-04-06T21:00:24Z	2026-04-06T21:00:27Z	0	1
-home-hodori/31710cda-76ea-469f-b246-178f80856534.jsonl	-home-hodori	claude-opus-4-6	1	pipe	4	343	347	0	1	10	2026-04-06T20:56:00Z	2026-04-06T20:56:10Z	0	1
-home-hodori/31a75055-77ea-4017-9a94-d258089a24b9.jsonl	-home-hodori	claude-opus-4-6	1	pipe	4	141	145	0	1	6	2026-04-06T20:51:19Z	2026-04-06T20:51:26Z	0	1
-home-hodori/31da45f4-a2d5-402e-8f32-b48b951bac76.jsonl	-home-hodori	claude-opus-4-6	1	pipe	3	52	55	0	1	2	2026-04-06T20:51:32Z	2026-04-06T20:51:35Z	0	1
-home-hodori/32d3fe2d-a479-457d-af4d-3bb1087171bb.jsonl	-home-hodori	claude-sonnet-4-5-20250929	1	pipe	18	2362	2380	0	1	18	2026-04-19T14:51:07Z	2026-04-19T14:51:26Z	0	1
-home-hodori/3579df95-6733-461d-abf9-f54830c3b232.jsonl	-home-hodori	claude-opus-4-7	1	pipe	6	159	165	0	0	5	2026-04-17T01:39:46Z	2026-04-17T01:39:51Z	0	1
-home-hodori/357a2c9d-99be-42e4-ab17-c655a8c07d21.jsonl	-home-hodori	claude-opus-4-6	1	pipe	6	103	109	0	1	5	2026-04-06T21:04:14Z	2026-04-06T21:04:19Z	0	1
-home-hodori/35e317b5-6dc7-41e5-872f-2bff3e98b925.jsonl	-home-hodori	claude-opus-4-6	1	pipe	6	87	93	0	1	2	2026-04-06T21:06:08Z	2026-04-06T21:06:11Z	0	1
-home-hodori/3607163d-fbf9-41e4-9173-fac36412c790.jsonl	-home-hodori	claude-opus-4-6	26	passenger	317	52955	53272	143	6	3678	2026-04-03T22:01:23Z	2026-04-03T23:02:41Z	0	1
-home-hodori/36126e13-606c-40c5-90d8-74ea840a41dd.jsonl	-home-hodori	claude-opus-4-5-20251101	1	pipe	96	2324	2420	7	0	26	2026-04-14T00:33:07Z	2026-04-14T00:33:34Z	0	1
-home-hodori/362a0156-73ed-401a-95b2-fb5a21ab33e1.jsonl	-home-hodori	claude-opus-4-5-20251101	1	pipe	20	854	874	0	1	11	2026-04-13T23:42:16Z	2026-04-13T23:42:28Z	0	1
-home-hodori/366611a1-6da6-439b-9755-2061ffd4e166.jsonl	-home-hodori	claude-opus-4-6	1	pipe	6	94	100	0	1	3	2026-04-06T21:00:34Z	2026-04-06T21:00:37Z	0	1
-home-hodori/368d3b8e-833d-4458-867a-faf3032f6e6a.jsonl	-home-hodori	claude-opus-4-5-20251101	5	collaborator	260	7455	7715	12	1	311	2026-04-14T15:04:33Z	2026-04-14T15:09:44Z	0	1
-home-hodori/36ce52ca-c3e8-4a42-8272-4d01d40f49ab.jsonl	-home-hodori	claude-opus-4-6	1	pipe	6	100	106	0	1	4	2026-04-06T21:03:52Z	2026-04-06T21:03:57Z	0	1
-home-hodori/39452077-1099-4607-b46a-27b4672c4174.jsonl	-home-hodori	claude-sonnet-4-5-20250929	1	pipe	18	2324	2342	0	1	20	2026-04-19T14:48:12Z	2026-04-19T14:48:32Z	0	1
-home-hodori/395af8b4-8345-4635-896b-d81d0705476c.jsonl	-home-hodori	claude-opus-4-5-20251101	9	collaborator	694	18288	18982	33	3	775	2026-04-14T15:13:25Z	2026-04-14T15:26:20Z	0	1
-home-hodori/395f8837-be57-48dc-9359-0908d89e1bc5.jsonl	-home-hodori	claude-opus-4-6	1	pipe	4	133	137	0	1	5	2026-04-06T20:36:46Z	2026-04-06T20:36:52Z	0	1
-home-hodori/39616de6-62e3-46bd-9626-54d88ab5eec2.jsonl	-home-hodori	claude-opus-4-6	160	passenger	952	130442	131394	267	29	61851	2026-04-02T03:12:30Z	2026-04-02T20:23:21Z	1	1
-home-hodori/3a56b2c1-a467-4e68-b278-f9f24f887a36.jsonl	-home-hodori	claude-opus-4-5-20251101	16	passenger	1042	34246	35288	38	4	2264	2026-04-14T12:47:44Z	2026-04-14T13:25:29Z	0	1
-home-hodori/3aecb87c-3cb2-4124-b0bd-511be6d44df3.jsonl	-home-hodori	claude-opus-4-5-20251101	16	passenger	4617	44991	49608	48	4	2877	2026-04-18T14:17:33Z	2026-04-18T15:05:30Z	0	1
-home-hodori/3ba6d617-71c9-400d-9701-27e6622b9e66.jsonl	-home-hodori	claude-sonnet-4-5-20250929	1	pipe	18	1562	1580	0	1	14	2026-04-19T14:54:40Z	2026-04-19T14:54:54Z	0	1
-home-hodori/3c6015f3-2a01-437c-97c2-06d6a1e90b7e.jsonl	-home-hodori	claude-opus-4-6	1	pipe	4	111	115	0	1	3	2026-04-06T20:53:22Z	2026-04-06T20:53:26Z	0	1
-home-hodori/3d7bc683-1858-46ad-8b1b-21ea8d4800d3.jsonl	-home-hodori	claude-opus-4-5-20251101	5	collaborator	196	6555	6751	8	1	188	2026-04-14T15:29:17Z	2026-04-14T15:32:26Z	0	1
-home-hodori/3d8609e4-aec5-432e-baf4-f6fc89049a62.jsonl	-home-hodori	claude-opus-4-6	44	passenger	3778	19519	23297	56	10	6363	2026-03-31T22:17:38Z	2026-04-01T00:03:41Z	1	1
-home-hodori/3f78018e-23f8-489e-93fe-502f6183f308.jsonl	-home-hodori	claude-opus-4-5-20251101	175	passenger	3777	602191	605968	505	48	25026	2026-04-12T11:55:16Z	2026-04-12T18:52:22Z	1	1
-home-hodori/408ebd03-89e1-4b8a-a7b0-db864e3c7cb6.jsonl	-home-hodori	claude-opus-4-6	1	pipe	6	102	108	0	1	3	2026-04-06T21:07:00Z	2026-04-06T21:07:03Z	0	1
-home-hodori/40ac7c50-1dc5-4bac-95d8-bf134e271154.jsonl	-home-hodori	claude-opus-4-6	1	pipe	6	56	62	0	1	3	2026-04-06T21:07:30Z	2026-04-06T21:07:34Z	0	1
-home-hodori/40c59b8f-84ab-4f66-a8d6-3b2feb2c9546.jsonl	-home-hodori	claude-opus-4-6	1	pipe	4	121	125	0	1	3	2026-04-06T20:50:53Z	2026-04-06T20:50:57Z	0	1
-home-hodori/4166cccb-3598-452b-8692-a1681bec069d.jsonl	-home-hodori	claude-opus-4-7	1	pipe	13530	34542	48072	16	0	91	2026-04-17T22:06:25Z	2026-04-17T22:07:57Z	0	1
-home-hodori/429de89b-2a3f-420f-b783-dad36e2efec5.jsonl	-home-hodori	claude-opus-4-6	1	pipe	4	54	58	0	1	3	2026-04-06T21:05:29Z	2026-04-06T21:05:33Z	0	1
-home-hodori/42bbebc6-73a9-428d-bb15-aecc79a909b9.jsonl	-home-hodori	claude-opus-4-6	38	passenger	335	35124	35459	138	9	3260	2026-04-01T04:23:09Z	2026-04-01T05:17:30Z	0	1
-home-hodori/442fadf9-ab5d-43fb-a52a-33aa18bd9d09.jsonl	-home-hodori	claude-opus-4-6	1	pipe	4	261	265	0	1	6	2026-04-06T20:50:22Z	2026-04-06T20:50:28Z	0	1
-home-hodori/44f689ec-675c-4983-a369-efb87f14ce53.jsonl	-home-hodori	claude-opus-4-6	1	pipe	4	134	138	0	1	4	2026-04-06T20:39:40Z	2026-04-06T20:39:44Z	0	1
-home-hodori/462e50ae-c885-4d50-b1e1-f690e7879cdf.jsonl	-home-hodori	claude-opus-4-6	1	pipe	4	170	174	0	1	6	2026-04-06T20:49:23Z	2026-04-06T20:49:29Z	0	1
-home-hodori/463bc783-572f-4c87-89b2-f9b7238310f3.jsonl	-home-hodori	claude-opus-4-6	1	pipe	4	145	149	0	1	5	2026-04-06T20:51:37Z	2026-04-06T20:51:43Z	0	1
-home-hodori/4770be6f-8f34-4e6e-8135-d2978827e06d.jsonl	-home-hodori	claude-opus-4-6	1	pipe	4	103	107	0	1	8	2026-04-06T20:54:52Z	2026-04-06T20:55:01Z	0	1
-home-hodori/477cbb07-989b-4788-9524-5d50b1a7298c.jsonl	-home-hodori	claude-opus-4-5-20251101	68	passenger	4792	218143	222935	239	23	28600	2026-04-14T16:51:05Z	2026-04-15T00:47:45Z	0	1
-home-hodori/47b83c07-ceee-491a-83a4-df7796f62e47.jsonl	-home-hodori	claude-opus-4-5-20251101	1	pipe	20	578	598	0	0	17	2026-04-14T00:20:14Z	2026-04-14T00:20:32Z	0	1
-home-hodori/47f82c48-d35e-4d91-a6bf-3aae3b7aa6a6.jsonl	-home-hodori	claude-opus-4-5-20251101	4	collaborator	178	9023	9201	8	1	189	2026-04-14T15:48:42Z	2026-04-14T15:51:52Z	0	1
-home-hodori/4912e3da-130a-483b-b996-a20649f484d8.jsonl	-home-hodori	claude-opus-4-7	160	passenger	5739	490181	495920	463	45	19205	2026-04-17T00:44:59Z	2026-04-17T06:05:05Z	1	1
-home-hodori/492c21b4-a128-42cf-bfc6-449286d06fd0.jsonl	-home-hodori	claude-opus-4-6	97	passenger	478	38750	39228	135	38	18021	2026-04-04T01:42:43Z	2026-04-04T06:43:05Z	0	1
-home-hodori/49560789-57b3-4cab-bda8-21878addab58.jsonl	-home-hodori	claude-opus-4-6	1	pipe	4	48	52	0	1	3	2026-04-06T20:39:06Z	2026-04-06T20:39:09Z	0	1
-home-hodori/4a785c12-647d-480e-91ff-829851f3060f.jsonl	-home-hodori	claude-opus-4-6	1	pipe	6	52	58	0	1	4	2026-04-06T21:05:51Z	2026-04-06T21:05:55Z	0	1
-home-hodori/4a851b29-d42a-4892-a831-e1f4fb51aed8.jsonl	-home-hodori	claude-opus-4-6	1	pipe	6	406	412	0	1	10	2026-04-06T20:39:28Z	2026-04-06T20:39:38Z	0	1
-home-hodori/4abf84b9-8cca-4bae-98d2-a15955755974.jsonl	-home-hodori	claude-opus-4-6	1	pipe	4	60	64	0	1	3	2026-04-06T20:40:48Z	2026-04-06T20:40:52Z	0	1
-home-hodori/4aec5c71-a4f5-43a7-8451-4be79ce30f8a.jsonl	-home-hodori	claude-opus-4-6	1	pipe	6	94	100	0	1	3	2026-04-06T20:59:42Z	2026-04-06T20:59:46Z	0	1
-home-hodori/4c50329d-8fff-4d47-9ceb-1338ff6c4b45.jsonl	-home-hodori	claude-opus-4-6	1	pipe	6	105	111	0	1	5	2026-04-06T20:58:31Z	2026-04-06T20:58:36Z	0	1
-home-hodori/4ccb1134-1bcf-4347-9565-3cd95a08aa10.jsonl	-home-hodori	claude-opus-4-6	31	passenger	2305	22870	25175	78	8	6472	2026-04-01T13:11:25Z	2026-04-01T14:59:18Z	0	1
-home-hodori/4d0d2903-9b53-4774-9312-84694e6e450a.jsonl	-home-hodori	claude-opus-4-5-20251101	9	collaborator	570	55753	56323	29	3	1389	2026-04-17T11:31:59Z	2026-04-17T11:55:08Z	0	1
-home-hodori/4d5a7e05-6f67-42c0-a686-109fae14e4fe.jsonl	-home-hodori	claude-opus-4-6	1	pipe	4	307	311	0	1	9	2026-04-06T20:49:54Z	2026-04-06T20:50:03Z	0	1
-home-hodori/4de03d8c-b1cf-4f06-a91d-e65901e73ba3.jsonl	-home-hodori	claude-opus-4-6	1	pipe	6	93	99	0	1	3	2026-04-06T21:08:14Z	2026-04-06T21:08:17Z	0	1
-home-hodori/4e06aa25-f8cb-4a80-80b1-ec804e89a1b9.jsonl	-home-hodori	claude-opus-4-6	1	pipe	4	183	187	0	1	4	2026-04-06T20:52:02Z	2026-04-06T20:52:07Z	0	1
-home-hodori/4e3863ea-2f76-4117-8732-d9ab6189216a.jsonl	-home-hodori	claude-opus-4-6	1	pipe	4	141	145	0	1	10	2026-04-06T20:51:44Z	2026-04-06T20:51:55Z	0	1
-home-hodori/4f4b4a74-cea8-469a-b504-6484be1f8174.jsonl	-home-hodori	claude-opus-4-6	1	pipe	4	102	106	0	1	3	2026-04-06T21:04:59Z	2026-04-06T21:05:02Z	0	1
-home-hodori/4f83e63d-e8e4-450f-8fab-168bb2e280d0.jsonl	-home-hodori	claude-opus-4-7	1	pipe	10	2712	2722	0	1	22	2026-04-19T14:47:48Z	2026-04-19T14:48:10Z	0	1
-home-hodori/4fe4efbe-6a85-4f78-b94b-2af00b1ad613.jsonl	-home-hodori	claude-opus-4-5-20251101	3	governor	46	556	602	1	1	9	2026-04-18T14:24:40Z	2026-04-18T14:24:49Z	0	1
-home-hodori/510418df-3fab-4b6e-b8a9-5cb760ca1eaf.jsonl	-home-hodori	claude-opus-4-6	1	pipe	4	46	50	0	1	4	2026-04-06T20:36:41Z	2026-04-06T20:36:45Z	0	1
-home-hodori/52bda25c-0ff2-4457-8163-70a0ab1f1148.jsonl	-home-hodori	claude-opus-4-6	27	passenger	111	7622	7733	13	5	2452	2026-03-29T02:37:27Z	2026-03-29T03:18:20Z	0	1
-home-hodori/531dea32-cda5-410b-b149-72dda7fed5b2.jsonl	-home-hodori	claude-opus-4-6	1	pipe	6	92	98	0	1	3	2026-04-06T20:58:26Z	2026-04-06T20:58:29Z	0	1
-home-hodori/537e41f6-fecf-4b3c-9c50-418aa7ace234.jsonl	-home-hodori	claude-opus-4-6	1	pipe	4	50	54	0	1	6	2026-04-06T20:57:08Z	2026-04-06T20:57:15Z	0	1
-home-hodori/5520d453-864c-4803-bc97-bb31b3d29648.jsonl	-home-hodori	claude-opus-4-6	1	pipe	4	148	152	0	1	4	2026-04-06T20:48:53Z	2026-04-06T20:48:58Z	0	1
-home-hodori/55554328-3397-447e-91d6-fb1d122a36bd.jsonl	-home-hodori	claude-opus-4-6	77	passenger	758	94270	95028	102	17	10614	2026-04-12T18:53:19Z	2026-04-12T21:50:13Z	1	1
-home-hodori/567d175c-9bc4-4071-b350-fda43b56eeb0.jsonl	-home-hodori	claude-sonnet-4-5-20250929	1	pipe	18	1668	1686	0	1	15	2026-04-19T14:53:09Z	2026-04-19T14:53:25Z	0	1
-home-hodori/56e64583-cad7-45ce-8be5-294954657020.jsonl	-home-hodori	claude-opus-4-6	1	pipe	6	73	79	0	1	3	2026-04-06T21:05:34Z	2026-04-06T21:05:38Z	0	1
-home-hodori/5730bbc0-aa31-40b7-83c5-2ae7d70d3db6.jsonl	-home-hodori	claude-opus-4-6	36	passenger	235	22607	22842	65	14	3337	2026-04-04T14:48:38Z	2026-04-04T15:44:15Z	0	1
-home-hodori/574df247-6c8b-4cc7-8e74-ba0942d09279.jsonl	-home-hodori	claude-opus-4-6	1	pipe	6	103	109	0	1	4	2026-04-06T21:03:26Z	2026-04-06T21:03:31Z	0	1
-home-hodori/581a136f-f822-426e-8549-b926570c9bb7.jsonl	-home-hodori	claude-opus-4-6	1	pipe	4	50	54	0	1	9	2026-04-06T20:37:41Z	2026-04-06T20:37:50Z	0	1
-home-hodori/586a55b5-d9db-4079-b5a5-9e7bab4a077f.jsonl	-home-hodori	claude-opus-4-6	1	pipe	4	103	107	0	1	5	2026-04-06T21:03:40Z	2026-04-06T21:03:45Z	0	1
-home-hodori/5888ec17-7caa-4279-8f51-180443a8c784.jsonl	-home-hodori	claude-opus-4-6	1	pipe	4	209	213	0	1	5	2026-04-06T20:52:09Z	2026-04-06T20:52:14Z	0	1
-home-hodori/5a1f3e53-e234-4b39-948b-48f9c596da14.jsonl	-home-hodori	claude-opus-4-5-20251101	3	governor	116	2403	2519	6	1	4675	2026-04-14T22:55:43Z	2026-04-15T00:13:39Z	0	1
-home-hodori/5a60848c-efc5-4ea5-bff2-87129191f03d.jsonl	-home-hodori	claude-opus-4-6	1	pipe	4	56	60	0	1	3	2026-04-06T21:06:02Z	2026-04-06T21:06:06Z	0	1
-home-hodori/5a7d3163-9bd2-4ca3-83ca-c7608971a657.jsonl	-home-hodori	claude-opus-4-7	1	pipe	5	906	911	0	1	15	2026-04-19T15:54:29Z	2026-04-19T15:54:45Z	0	1
-home-hodori/5abb0f8f-e306-4b83-b63e-23ad8d011ac5.jsonl	-home-hodori	claude-opus-4-6	1	pipe	6	347	353	0	1	8	2026-04-06T20:43:17Z	2026-04-06T20:43:26Z	0	1
-home-hodori/5b240f8d-9a87-492e-a6c1-e28f4b7718b3.jsonl	-home-hodori	claude-opus-4-6	1	pipe	4	136	140	0	1	4	2026-04-06T20:41:51Z	2026-04-06T20:41:55Z	0	1
-home-hodori/5bfbd8e9-26b9-4401-a199-4f0d335a66ab.jsonl	-home-hodori	claude-opus-4-6	1	pipe	4	132	136	0	1	4	2026-04-06T20:38:25Z	2026-04-06T20:38:30Z	0	1
-home-hodori/5c394cd3-a829-4de9-acad-f186c924189f.jsonl	-home-hodori	claude-opus-4-6	1	pipe	4	46	50	0	1	5	2026-04-06T20:37:52Z	2026-04-06T20:37:58Z	0	1
-home-hodori/5cf91d2b-651a-4d69-ac8c-60702312c07a.jsonl	-home-hodori	claude-opus-4-6	13	collaborator	88	10149	10237	22	4	3785	2026-04-03T23:02:48Z	2026-04-04T00:05:53Z	0	1
-home-hodori/5d60ef10-ce98-423c-a250-4e39fa202a3d.jsonl	-home-hodori	claude-opus-4-6	1	pipe	6	56	62	0	1	5	2026-04-06T21:02:27Z	2026-04-06T21:02:33Z	0	1
-home-hodori/5da0f1a1-8425-4475-8bba-51f131a0cca9.jsonl	-home-hodori	claude-opus-4-6	47	passenger	304	30836	31140	101	15	14648	2026-03-31T18:11:24Z	2026-03-31T22:15:32Z	1	1
-home-hodori/5ded3bf2-091e-4d8d-b005-a3ab959538dc.jsonl	-home-hodori	claude-opus-4-6	1	pipe	6	103	109	0	1	5	2026-04-06T20:59:01Z	2026-04-06T20:59:06Z	0	1
-home-hodori/5e5a3487-7d0d-4245-b04a-9df126fa542f.jsonl	-home-hodori	claude-opus-4-6	144	passenger	16527	1693562	1710089	373	45	49099	2026-04-09T11:05:19Z	2026-04-10T00:43:38Z	0	1
-home-hodori/5fc5793f-ddf4-47c5-9bd0-d882d35f1fff.jsonl	-home-hodori	claude-opus-4-6	1	pipe	4	135	139	0	1	4	2026-04-06T20:42:40Z	2026-04-06T20:42:44Z	0	1
-home-hodori/60d849d2-3dd0-4c39-87bb-23a6c9bb350a.jsonl	-home-hodori	claude-opus-4-6	1	pipe	4	250	254	0	1	6	2026-04-06T20:53:27Z	2026-04-06T20:53:34Z	0	1
-home-hodori/611d2316-f250-4bef-b7c6-981dd3755e71.jsonl	-home-hodori	claude-opus-4-5-20251101	70	passenger	6674	257727	264401	337	20	9069	2026-04-14T02:05:20Z	2026-04-14T04:36:30Z	0	1
-home-hodori/625ef220-2dc8-4d01-a6a7-2dad6e27fd78.jsonl	-home-hodori	claude-opus-4-6	1	pipe	6	71	77	0	1	2	2026-04-06T21:00:51Z	2026-04-06T21:00:54Z	0	1
-home-hodori/64b0c4e4-f433-4670-b692-d7747f1605bc.jsonl	-home-hodori	claude-opus-4-6	122	passenger	1012	79197	80209	373	25	14178	2026-04-04T17:04:51Z	2026-04-04T21:01:10Z	0	1
-home-hodori/6528dcc7-46a0-4225-8b22-5d80a51ac658.jsonl	-home-hodori	claude-opus-4-6	1	pipe	4	164	168	0	1	5	2026-04-06T20:52:43Z	2026-04-06T20:52:49Z	0	1
-home-hodori/65d274f7-3abb-4998-b9cc-bb121308a93e.jsonl	-home-hodori	claude-opus-4-6	1	pipe	4	219	223	0	1	5	2026-04-06T20:52:29Z	2026-04-06T20:52:35Z	0	1
-home-hodori/66684be6-117e-444c-9a16-c8d57e6b2a74.jsonl	-home-hodori	claude-opus-4-7	1	pipe	10	4370	4380	0	1	37	2026-04-19T13:54:42Z	2026-04-19T13:55:20Z	0	1
-home-hodori/67961277-f1c2-4938-a614-717ead3d6b5e.jsonl	-home-hodori	claude-opus-4-6	1	pipe	4	134	138	0	1	4	2026-04-06T20:35:23Z	2026-04-06T20:35:28Z	0	1
-home-hodori/67fe2910-4ebd-4937-8e52-1bd3d950fbeb.jsonl	-home-hodori	claude-opus-4-6	1	pipe	4	145	149	0	1	5	2026-04-06T20:53:57Z	2026-04-06T20:54:03Z	0	1
-home-hodori/681d60c2-f77b-4aeb-bc28-23ea03cf112f.jsonl	-home-hodori	claude-opus-4-6	19	passenger	354	60043	60397	75	5	5688	2026-04-08T14:16:28Z	2026-04-08T15:51:16Z	0	1
-home-hodori/68894851-92d9-4637-92c9-0d0637f5e6e7.jsonl	-home-hodori	claude-opus-4-6	1	pipe	4	60	64	0	1	14	2026-04-06T20:51:20Z	2026-04-06T20:51:34Z	0	1
-home-hodori/692f8918-b5f3-49b8-9c4b-524b2d2ccf56.jsonl	-home-hodori	claude-opus-4-6	1	pipe	4	240	244	0	1	7	2026-04-06T20:57:18Z	2026-04-06T20:57:26Z	0	1
-home-hodori/69c29057-4ffe-45ae-8fee-b36fbfaf9e0f.jsonl	-home-hodori	claude-opus-4-6	1	pipe	4	232	236	0	1	6	2026-04-06T20:52:21Z	2026-04-06T20:52:27Z	0	1
-home-hodori/6ae3eb8b-0652-407e-b2a3-4b4da0e789e1.jsonl	-home-hodori	claude-opus-4-6	1	pipe	4	92	96	0	1	3	2026-04-06T21:04:26Z	2026-04-06T21:04:30Z	0	1
-home-hodori/6b2c053e-e510-4206-bb07-dd16f2bc26df.jsonl	-home-hodori	claude-opus-4-6	1	pipe	6	60	66	0	1	5	2026-04-06T20:42:32Z	2026-04-06T20:42:37Z	0	1
-home-hodori/6c1afa12-bba6-4513-9f1e-7a8c72ab6400.jsonl	-home-hodori	claude-opus-4-6	1	pipe	4	102	106	0	1	3	2026-04-06T21:06:33Z	2026-04-06T21:06:37Z	0	1
-home-hodori/6c663e1f-d892-4938-af23-b954dfaa6bfc.jsonl	-home-hodori	claude-opus-4-7	111	passenger	2004	775332	777336	262	31	30568	2026-04-18T22:04:57Z	2026-04-19T06:34:26Z	0	1
-home-hodori/6cb936b5-33de-4dcd-875a-3324eef518af.jsonl	-home-hodori	claude-opus-4-6	1	pipe	4	136	140	0	1	4	2026-04-06T20:41:39Z	2026-04-06T20:41:43Z	0	1
-home-hodori/6dc1af6e-2c06-4171-b4b8-b0beef76d495.jsonl	-home-hodori	claude-opus-4-6	1	pipe	4	135	139	0	1	5	2026-04-06T20:36:18Z	2026-04-06T20:36:24Z	0	1
-home-hodori/6edf55b5-a4a7-4886-8582-59bd83f905d0.jsonl	-home-hodori	claude-opus-4-6	1	pipe	6	240	246	0	1	6	2026-04-06T20:36:58Z	2026-04-06T20:37:05Z	0	1
-home-hodori/6f0160f5-75e9-48fc-bc9e-c8bce062b3a1.jsonl	-home-hodori	claude-opus-4-6	1	pipe	4	134	138	0	1	4	2026-04-06T20:36:30Z	2026-04-06T20:36:34Z	0	1
-home-hodori/6f2c8d59-d1e6-414c-866d-8b81d7fc4128.jsonl	-home-hodori	claude-opus-4-6	1	pipe	4	102	106	0	1	4	2026-04-06T21:02:03Z	2026-04-06T21:02:08Z	0	1
-home-hodori/6f4d6c80-a88b-4083-83a1-998138b60fb9.jsonl	-home-hodori	claude-opus-4-6	1	pipe	4	46	50	0	1	3	2026-04-06T20:37:20Z	2026-04-06T20:37:24Z	0	1
-home-hodori/6f86ae55-53bb-49d0-aebf-368f72115d0d.jsonl	-home-hodori	claude-opus-4-6	1	pipe	6	18	24	0	1	2	2026-04-06T21:07:37Z	2026-04-06T21:07:39Z	0	1
-home-hodori/70d64c5c-7fc5-4f52-8faa-2832eb6907d2.jsonl	-home-hodori	claude-opus-4-6	1	pipe	6	94	100	0	1	3	2026-04-06T21:06:21Z	2026-04-06T21:06:24Z	0	1
-home-hodori/71a760e2-3351-45c6-baa0-cc75f085c760.jsonl	-home-hodori	claude-opus-4-6	1	pipe	6	103	109	0	1	4	2026-04-06T21:06:27Z	2026-04-06T21:06:31Z	0	1
-home-hodori/748c5000-8abd-406b-a1fe-32931c5b2ec6.jsonl	-home-hodori	claude-opus-4-6	1	pipe	4	309	313	0	1	10	2026-04-06T20:54:32Z	2026-04-06T20:54:42Z	0	1
-home-hodori/74a0864d-ca5a-4e04-96a7-9b4e05e99179.jsonl	-home-hodori	claude-opus-4-6	42	passenger	491	62325	62816	229	15	8262	2026-04-04T23:57:57Z	2026-04-05T02:15:39Z	0	1
-home-hodori/7527f7a1-37ba-4d45-8900-3af5f9cbd66c.jsonl	-home-hodori	claude-opus-4-7	1	pipe	10	2414	2424	0	1	19	2026-04-19T14:50:46Z	2026-04-19T14:51:06Z	0	1
-home-hodori/75967ca6-6808-47c5-b4c4-eb4c65b3c2f7.jsonl	-home-hodori	claude-opus-4-6	1	pipe	4	132	136	0	1	4	2026-04-06T20:41:57Z	2026-04-06T20:42:01Z	0	1
-home-hodori/768b5cb4-4690-4436-8ae4-bcd66980d023.jsonl	-home-hodori	claude-opus-4-6	1	pipe	4	320	324	0	1	8	2026-04-06T20:53:36Z	2026-04-06T20:53:45Z	0	1
-home-hodori/76f5efee-fdbf-456f-a98c-465b78b55f49.jsonl	-home-hodori	claude-sonnet-4-5-20250929	1	pipe	18	1642	1660	0	1	12	2026-04-19T14:49:41Z	2026-04-19T14:49:53Z	0	1
-home-hodori/775498f4-95ea-40dd-8ade-5d4c51c29eaf.jsonl	-home-hodori	claude-opus-4-6	1	pipe	4	102	106	0	1	5	2026-04-06T21:05:21Z	2026-04-06T21:05:27Z	0	1
-home-hodori/77a94451-08ad-4b58-be3c-245285281c29.jsonl	-home-hodori	claude-opus-4-6	150	passenger	1789	103694	105483	240	58	35434	2026-04-01T14:59:29Z	2026-04-02T00:50:04Z	0	1
-home-hodori/77ef16a4-17ba-4e79-9257-6d0a95c19792.jsonl	-home-hodori	claude-opus-4-6	1	pipe	4	265	269	0	1	7	2026-04-06T20:50:12Z	2026-04-06T20:50:20Z	0	1
-home-hodori/78546d08-e53f-4fa9-90c6-db1d29484642.jsonl	-home-hodori	claude-opus-4-6	1	pipe	4	153	157	0	1	3	2026-04-06T20:56:33Z	2026-04-06T20:56:37Z	0	1
-home-hodori/7877fb0b-f70c-4ba9-b5f5-0d89511704f8.jsonl	-home-hodori	claude-opus-4-6	62	passenger	1977	723315	725292	215	13	11274	2026-04-10T00:43:48Z	2026-04-10T03:51:43Z	0	1
-home-hodori/787bc70e-1695-422e-b4ef-eb23d9140c25.jsonl	-home-hodori	claude-opus-4-7	1	pipe	10	2468	2478	0	1	19	2026-04-19T15:51:28Z	2026-04-19T15:51:47Z	0	1
-home-hodori/78859d92-6807-45d8-a738-8fb68479491a.jsonl	-home-hodori	claude-opus-4-6	1	pipe	6	73	79	0	1	4	2026-04-06T21:00:38Z	2026-04-06T21:00:43Z	0	1
-home-hodori/79a83405-8da5-4c6a-979e-6054300f859d.jsonl	-home-hodori	claude-opus-4-6	21	passenger	264	22937	23201	111	5	5141	2026-04-05T22:04:11Z	2026-04-05T23:29:52Z	0	1
-home-hodori/7a73ffc8-325d-4bc8-8558-2f531379c66c.jsonl	-home-hodori	claude-opus-4-6	1	pipe	4	136	140	0	1	3	2026-04-06T20:43:05Z	2026-04-06T20:43:09Z	0	1
-home-hodori/7a8c6293-213c-497b-8484-d86f1772818f.jsonl	-home-hodori	claude-opus-4-6	1	pipe	4	102	106	0	1	3	2026-04-06T20:59:53Z	2026-04-06T20:59:56Z	0	1
-home-hodori/7a9d6da3-1e93-4b51-91d5-cf3a453e5334.jsonl	-home-hodori	claude-opus-4-6	1	pipe	4	135	139	0	1	3	2026-04-06T20:40:07Z	2026-04-06T20:40:11Z	0	1
-home-hodori/7c6837ab-b059-4077-b31c-e9e74a73311a.jsonl	-home-hodori	claude-opus-4-6	1	pipe	6	54	60	0	1	4	2026-04-06T21:07:11Z	2026-04-06T21:07:15Z	0	1
-home-hodori/7cecd2fb-1e65-4d58-b6d8-e7a83c078635.jsonl	-home-hodori	claude-opus-4-5-20251101	2	governor	176	5457	5633	9	0	96	2026-04-14T15:46:45Z	2026-04-14T15:48:22Z	0	1
-home-hodori/7cf03c5f-601c-4c06-93de-75115a6cd637.jsonl	-home-hodori	claude-opus-4-6	1	pipe	4	176	180	0	1	4	2026-04-06T20:54:45Z	2026-04-06T20:54:50Z	0	1
-home-hodori/7cf798b8-35df-4fb5-aa7c-4ab026e2e0b2.jsonl	-home-hodori	claude-opus-4-6	1	pipe	3	25	28	0	1	2	2026-04-06T21:01:09Z	2026-04-06T21:01:12Z	0	1
-home-hodori/7ea82bfa-5354-458f-adbc-5419f00ef8a4.jsonl	-home-hodori	claude-opus-4-6	1	pipe	6	588	594	0	1	16	2026-04-08T15:51:34Z	2026-04-08T15:51:50Z	0	1
-home-hodori/7f3212e7-48a5-471a-9175-27b7961dcc6a.jsonl	-home-hodori	claude-opus-4-6	1	pipe	4	124	128	0	1	4	2026-04-06T20:43:11Z	2026-04-06T20:43:15Z	0	1
-home-hodori/7f4c849c-7b96-43dd-aa74-2d3c6b3da65f.jsonl	-home-hodori	claude-opus-4-6	2	governor	38	3764	3802	7	0	1303	2026-04-08T16:43:39Z	2026-04-08T17:05:23Z	0	1
-home-hodori/7f7da9a2-4ba7-4b5a-b3a0-e67610044c29.jsonl	-home-hodori	claude-opus-4-6	1	pipe	4	52	56	0	1	3	2026-04-06T21:07:06Z	2026-04-06T21:07:09Z	0	1
-home-hodori/8009f47b-acec-4927-a9cc-2f117ef9b94a.jsonl	-home-hodori	claude-opus-4-6	131	passenger	2725	197388	200113	558	31	37838	2026-04-07T18:24:03Z	2026-04-08T04:54:42Z	0	1
-home-hodori/80862739-0b01-46a2-8789-4679eb42ae21.jsonl	-home-hodori	claude-opus-4-7	1	pipe	10	2822	2832	0	1	24	2026-04-19T15:50:39Z	2026-04-19T15:51:03Z	0	1
-home-hodori/808db33c-e53f-40d1-8ea9-6033e539303d.jsonl	-home-hodori	claude-opus-4-6	1	pipe	6	18	24	0	1	4	2026-04-06T21:01:27Z	2026-04-06T21:01:32Z	0	1
-home-hodori/811e19e8-5d6a-46d9-86d0-c7f221fc8859.jsonl	-home-hodori	claude-opus-4-6	1	pipe	4	143	147	0	1	4	2026-04-06T20:55:42Z	2026-04-06T20:55:47Z	0	1
-home-hodori/813519ac-251c-42c0-a6f8-66434c2d3faf.jsonl	-home-hodori	claude-opus-4-5-20251101	76	passenger	3362	117869	121231	136	30	25400	2026-04-12T23:11:12Z	2026-04-13T06:14:33Z	0	1
-home-hodori/815a362f-8cbb-4e42-ba63-5bb66563b604.jsonl	-home-hodori	claude-opus-4-6	29	passenger	203	21440	21643	93	9	3449	2026-04-01T00:09:16Z	2026-04-01T01:06:46Z	0	1
-home-hodori/8202b63a-8692-4766-8f0d-e2eb3f6fd877.jsonl	-home-hodori	claude-opus-4-6	1	pipe	6	110	116	0	1	10	2026-04-06T20:52:18Z	2026-04-06T20:52:28Z	0	1
-home-hodori/82991424-3460-4866-8750-b4ca849808ae.jsonl	-home-hodori	claude-opus-4-6	26	passenger	205	15853	16058	70	5	3476	2026-04-03T02:50:24Z	2026-04-03T03:48:21Z	1	1
-home-hodori/829abeac-23a3-4f69-a1b2-89741b234889.jsonl	-home-hodori	claude-opus-4-6	1	pipe	6	94	100	0	1	3	2026-04-06T21:08:19Z	2026-04-06T21:08:23Z	0	1
-home-hodori/8358c2f3-4069-4d35-85ce-9a971ef41026.jsonl	-home-hodori	claude-opus-4-6	1	pipe	6	103	109	0	1	4	2026-04-06T20:59:16Z	2026-04-06T20:59:21Z	0	1
-home-hodori/837ccd3e-a225-4246-8490-41e6dcd770d0.jsonl	-home-hodori	claude-opus-4-6	5	collaborator	39	4732	4771	6	2	1844	2026-04-08T16:03:27Z	2026-04-08T16:34:11Z	0	1
-home-hodori/83aa9a08-bbd6-470e-ab52-991c6d582902.jsonl	-home-hodori	claude-opus-4-7	1	pipe	10	1886	1896	0	1	16	2026-04-19T15:50:05Z	2026-04-19T15:50:22Z	0	1
-home-hodori/8463998d-6cb1-4847-8465-1fc3c79f1f0f.jsonl	-home-hodori	claude-opus-4-6	1	pipe	4	129	133	0	1	5	2026-04-06T20:38:44Z	2026-04-06T20:38:50Z	0	1
-home-hodori/84f13781-5964-4a6c-95d3-8eda0c9cebf7.jsonl	-home-hodori	claude-opus-4-6	1	pipe	4	102	106	0	1	3	2026-04-06T21:01:19Z	2026-04-06T21:01:22Z	0	1
-home-hodori/859835c8-9985-4f36-ba95-51ff088cd025.jsonl	-home-hodori	claude-opus-4-6	27	passenger	544	123624	124168	101	9	11673	2026-04-08T11:01:49Z	2026-04-08T14:16:22Z	0	1
-home-hodori/860d29fa-82a2-403b-8f83-788d7a7625e6.jsonl	-home-hodori	claude-opus-4-6	43	passenger	346	26457	26803	135	7	23094	2026-04-06T05:06:27Z	2026-04-06T11:31:22Z	0	1
-home-hodori/861b23f3-7b5e-41be-a7ca-acb1c5d85cda.jsonl	-home-hodori	claude-opus-4-6	1	pipe	4	135	139	0	1	5	2026-04-06T20:42:58Z	2026-04-06T20:43:04Z	0	1
-home-hodori/86332522-47a0-4a21-8a80-e227592d6903.jsonl	-home-hodori	claude-opus-4-6	63	passenger	367	31478	31845	95	19	6830	2026-04-04T11:25:15Z	2026-04-04T13:19:05Z	0	1
-home-hodori/8692f81e-58ad-4fa3-b8ce-a13852717d39.jsonl	-home-hodori	claude-opus-4-5-20251101	1	pipe	76	2740	2816	4	0	26	2026-04-16T14:29:46Z	2026-04-16T14:30:13Z	0	1
-home-hodori/89c75cac-180f-4c4f-99f9-e8660ae41582.jsonl	-home-hodori	claude-opus-4-6	1	pipe	6	56	62	0	1	2	2026-04-06T21:03:01Z	2026-04-06T21:03:04Z	0	1
-home-hodori/89d1f733-267c-4e42-bd2f-9e3a6a0abf96.jsonl	-home-hodori	claude-opus-4-5-20251101	37	passenger	3220	147364	150584	168	9	4142	2026-04-12T22:02:04Z	2026-04-12T23:11:06Z	0	1
-home-hodori/89e6b079-257e-48c1-8ab8-c2e0fe5f4c8e.jsonl	-home-hodori		0	pipe	0	0	0	0	0	0			0	0
-home-hodori/8ba74ef1-9457-4cb5-a741-c7e4044fd119.jsonl	-home-hodori	claude-opus-4-6	1	pipe	4	18	22	0	1	6	2026-04-06T20:38:17Z	2026-04-06T20:38:23Z	0	1
-home-hodori/8bb3ce5a-0bb3-47cc-99a0-6f028a46d11b.jsonl	-home-hodori	claude-opus-4-7	1	pipe	12	152	164	0	0	2	2026-04-19T16:47:28Z	2026-04-19T16:47:31Z	0	1
-home-hodori/8dc718c6-3b42-4f6d-a309-7e5280683f8c.jsonl	-home-hodori	claude-opus-4-6	1	pipe	4	197	201	0	1	5	2026-04-06T20:54:24Z	2026-04-06T20:54:30Z	0	1
-home-hodori/8de3aa39-7459-4546-880c-180b644947b5.jsonl	-home-hodori	claude-opus-4-6	2	governor	36	3181	3217	14	0	886	2026-04-05T19:13:11Z	2026-04-05T19:27:58Z	0	1
-home-hodori/8e8e6193-3030-46a8-9197-5a4a84eb40ac.jsonl	-home-hodori		3	governor	0	0	0	0	1	9	2026-03-31T22:16:09Z	2026-03-31T22:16:19Z	0	0
-home-hodori/8ee2fa9b-4af1-4e96-a403-c045552b2491.jsonl	-home-hodori	claude-opus-4-6	1	pipe	4	194	198	0	1	6	2026-04-06T20:53:07Z	2026-04-06T20:53:13Z	0	1
-home-hodori/8f577381-4952-4cb8-92de-847d6f7a9f70.jsonl	-home-hodori	claude-opus-4-6	1	pipe	4	136	140	0	1	6	2026-04-06T20:42:15Z	2026-04-06T20:42:21Z	0	1
-home-hodori/8f61894a-25b4-479f-929b-a04b0ca7f0e9.jsonl	-home-hodori	claude-opus-4-6	1	pipe	6	104	110	0	1	5	2026-04-06T21:03:33Z	2026-04-06T21:03:38Z	0	1
-home-hodori/90257876-99d9-4209-9d87-d3bcbfc7204f.jsonl	-home-hodori	claude-opus-4-6	1	pipe	4	103	107	0	1	4	2026-04-06T21:05:04Z	2026-04-06T21:05:09Z	0	1
-home-hodori/90719088-ebec-4348-9ec2-063755a04122.jsonl	-home-hodori	claude-opus-4-5-20251101	6	collaborator	452	22022	22474	23	3	960	2026-04-14T15:52:15Z	2026-04-14T16:08:15Z	0	1
-home-hodori/91b5d6fb-d53d-4494-8b53-239385926041.jsonl	-home-hodori	claude-opus-4-5-20251101	10	collaborator	912	30987	31899	50	2	691	2026-04-12T21:50:25Z	2026-04-12T22:01:56Z	0	1
-home-hodori/92608847-dd18-4e2f-b805-5aba8876a131.jsonl	-home-hodori	claude-opus-4-7	10	collaborator	199	34695	34894	26	0	899	2026-04-19T17:07:04Z	2026-04-19T17:22:04Z	0	1
-home-hodori/92b91679-a2c1-4892-b3fa-27c26f8b91dc.jsonl	-home-hodori	claude-opus-4-6	1	pipe	4	156	160	0	1	4	2026-04-06T20:41:45Z	2026-04-06T20:41:49Z	0	1
-home-hodori/9384d16d-afaa-4d69-bae1-6cb4d10f4b6d.jsonl	-home-hodori	claude-opus-4-6	1	pipe	4	101	105	0	1	3	2026-04-06T21:02:21Z	2026-04-06T21:02:25Z	0	1
-home-hodori/93cfb4a8-fe51-442f-b9d2-306ffceff433.jsonl	-home-hodori	claude-opus-4-6	70	passenger	2116	96500	98616	320	16	8225	2026-04-05T19:46:47Z	2026-04-05T22:03:53Z	0	1
-home-hodori/93f3be83-9b53-4555-8289-16aa8c7185a3.jsonl	-home-hodori	claude-opus-4-6	1	pipe	6	318	324	0	1	6	2026-04-12T15:11:08Z	2026-04-12T15:11:14Z	0	1
-home-hodori/93fa967d-18d4-4568-85f1-0b003d8233f4.jsonl	-home-hodori	claude-opus-4-6	65	passenger	14534	110631	125165	453	19	12134	2026-04-05T15:50:51Z	2026-04-05T19:13:05Z	0	1
-home-hodori/94417d89-1bb6-4639-b288-ec2f5c6c3d00.jsonl	-home-hodori	claude-opus-4-6	1	pipe	6	56	62	0	1	6	2026-04-06T20:35:03Z	2026-04-06T20:35:09Z	0	1
-home-hodori/945d8b28-f110-41d7-bd7d-145a70cbdbaa.jsonl	-home-hodori	claude-opus-4-6	1	pipe	4	104	108	0	1	2	2026-04-06T20:59:58Z	2026-04-06T21:00:00Z	0	1
-home-hodori/947040a1-14cd-4698-a016-f9315307212b.jsonl	-home-hodori	claude-opus-4-6	1	pipe	6	95	101	0	1	14	2026-04-06T21:03:05Z	2026-04-06T21:03:20Z	0	1
-home-hodori/94b7524e-ff95-40ad-b389-5ab43cad6dd7.jsonl	-home-hodori	claude-opus-4-5-20251101	38	passenger	4663	93621	98284	101	18	11875	2026-04-13T20:21:45Z	2026-04-13T23:39:41Z	0	1
-home-hodori/952cb07d-cd21-4745-9314-c3d73390b071.jsonl	-home-hodori	claude-opus-4-6	1	pipe	6	352	358	0	1	9	2026-04-06T20:51:09Z	2026-04-06T20:51:19Z	0	1
-home-hodori/9794ac20-ae26-4460-8ddb-06104236dc07.jsonl	-home-hodori	claude-opus-4-6	1	pipe	4	129	133	0	1	4	2026-04-06T20:42:46Z	2026-04-06T20:42:50Z	0	1
-home-hodori/9848647a-3eaf-45fe-bb83-c4d60b5a284f.jsonl	-home-hodori	claude-opus-4-6	1	pipe	4	150	154	0	1	5	2026-04-06T20:51:07Z	2026-04-06T20:51:13Z	0	1
-home-hodori/99735001-8c82-4f32-b250-4ff034a32a05.jsonl	-home-hodori	claude-opus-4-6	1	pipe	6	103	109	0	1	6	2026-04-06T21:02:14Z	2026-04-06T21:02:20Z	0	1
-home-hodori/9ad005dd-817e-4f8f-a193-2ecd4732d691.jsonl	-home-hodori	claude-opus-4-6	1	pipe	4	102	106	0	1	3	2026-04-06T21:04:21Z	2026-04-06T21:04:24Z	0	1
-home-hodori/9af130ea-8738-4bbe-96b4-471b00da9fd5.jsonl	-home-hodori	claude-opus-4-6	1	pipe	4	149	153	0	1	5	2026-04-06T20:38:09Z	2026-04-06T20:38:15Z	0	1
-home-hodori/9bd3a6f1-42ac-46ac-aedc-5d0e24609b4b.jsonl	-home-hodori	claude-opus-4-6	1	pipe	4	56	60	0	1	2	2026-04-06T21:01:23Z	2026-04-06T21:01:26Z	0	1
-home-hodori/9c468a4b-225a-478a-a36d-779bdf5c27de.jsonl	-home-hodori	claude-opus-4-6	1	pipe	4	48	52	0	1	4	2026-04-06T20:35:29Z	2026-04-06T20:35:34Z	0	1
-home-hodori/9cca39f4-3c7b-4393-9433-05ee642ab7a1.jsonl	-home-hodori	claude-opus-4-6	1	pipe	6	94	100	0	1	3	2026-04-06T21:06:44Z	2026-04-06T21:06:47Z	0	1
-home-hodori/9cfabcfa-024b-4433-8a28-3de6ee7d60f7.jsonl	-home-hodori	claude-opus-4-6	1	pipe	6	103	109	0	1	3	2026-04-06T21:03:59Z	2026-04-06T21:04:03Z	0	1
-home-hodori/9d2cd8e9-21f8-472b-9d44-5f85a67038dc.jsonl	-home-hodori	claude-opus-4-6	1	pipe	4	92	96	0	1	3	2026-04-06T20:59:22Z	2026-04-06T20:59:25Z	0	1
-home-hodori/9e493bd7-c73f-438e-9799-4906884600cf.jsonl	-home-hodori	claude-opus-4-6	1	pipe	4	92	96	0	1	4	2026-04-06T21:00:18Z	2026-04-06T21:00:23Z	0	1
-home-hodori/9fcc4fba-8cee-4bd9-a5df-32ece7723c52.jsonl	-home-hodori	claude-opus-4-6	1	pipe	6	113	119	0	1	3	2026-04-06T21:08:48Z	2026-04-06T21:08:52Z	0	1
-home-hodori/a045d53a-7292-43e5-a5d8-8d26b61fd566.jsonl	-home-hodori	claude-opus-4-6	1	pipe	4	134	138	0	1	4	2026-04-06T20:40:53Z	2026-04-06T20:40:58Z	0	1
-home-hodori/a05534b0-01da-4b40-a32e-6f3f09558e50.jsonl	-home-hodori	claude-opus-4-5-20251101	45	passenger	5841	74595	80436	97	13	28899	2026-04-16T11:24:02Z	2026-04-16T19:25:41Z	1	1
-home-hodori/a19ec37c-0dba-466e-a1bc-f02d0d62c9d1.jsonl	-home-hodori		1	pipe	0	0	0	0	1	0	2026-04-06T20:51:48Z	2026-04-06T20:51:48Z	0	0
-home-hodori/a2347f13-b922-4df3-842b-86826dbed03a.jsonl	-home-hodori	claude-opus-4-6	1	pipe	4	97	101	0	1	2	2026-04-06T20:40:36Z	2026-04-06T20:40:39Z	0	1
-home-hodori/a254e9e8-dedb-4019-93ca-0f3d2d46d815.jsonl	-home-hodori	claude-opus-4-6	2	governor	46	5450	5496	11	0	545	2026-04-08T16:34:22Z	2026-04-08T16:43:28Z	0	1
-home-hodori/a3381f8b-4daa-4af5-b77b-6a0e436be2ee.jsonl	-home-hodori	claude-opus-4-5-20251101	1	pipe	20	898	918	0	0	13	2026-04-16T02:07:48Z	2026-04-16T02:08:01Z	0	1
-home-hodori/a396405c-8871-4302-874d-7df67d4046aa.jsonl	-home-hodori	claude-opus-4-5-20251101	6	collaborator	618	15251	15869	30	1	675	2026-04-14T16:36:34Z	2026-04-14T16:47:50Z	0	1
-home-hodori/a3d8da30-4fe9-4105-b021-fac49f225ed7.jsonl	-home-hodori	claude-opus-4-6	1	pipe	4	50	54	0	1	7	2026-04-06T20:56:57Z	2026-04-06T20:57:05Z	0	1
-home-hodori/a3e4247e-7c06-4d99-943c-305da857077c.jsonl	-home-hodori	claude-opus-4-6	4	collaborator	13	199	212	1	2	1849	2026-04-08T17:09:35Z	2026-04-08T17:40:24Z	1	1
-home-hodori/a498194a-e200-449c-910e-5f5ba7a88b41.jsonl	-home-hodori	claude-opus-4-6	1	pipe	4	52	56	0	1	4	2026-04-06T20:36:53Z	2026-04-06T20:36:57Z	0	1
-home-hodori/a57630ab-2a5c-4576-bc8d-f103955e5ada.jsonl	-home-hodori	claude-opus-4-6	64	passenger	329	28735	29064	82	17	13316	2026-04-03T17:09:41Z	2026-04-03T20:51:37Z	0	1
-home-hodori/a5b512b7-252f-46c4-8c0e-a3a316c8e792.jsonl	-home-hodori	claude-opus-4-6	1	pipe	4	219	223	0	1	7	2026-04-06T20:54:14Z	2026-04-06T20:54:22Z	0	1
-home-hodori/a68a1caf-e754-44c2-841b-75cc9ddc5453.jsonl	-home-hodori	claude-opus-4-6	89	passenger	836	102280	103116	366	16	11726	2026-04-01T01:07:31Z	2026-04-01T04:22:58Z	0	1
-home-hodori/a7ce3714-1458-42e6-866e-46a816cdfe7d.jsonl	-home-hodori	claude-opus-4-7	1	pipe	10	2162	2172	0	1	17	2026-04-19T15:47:49Z	2026-04-19T15:48:06Z	0	1
-home-hodori/a81bc75f-f337-483c-aace-a4645ef56cb1.jsonl	-home-hodori	claude-opus-4-6	1	pipe	6	246	252	0	1	7	2026-04-06T20:37:26Z	2026-04-06T20:37:34Z	0	1
-home-hodori/a8cc483a-3d78-4b77-9b3e-d3f9fb4ed06f.jsonl	-home-hodori	claude-opus-4-6	1	pipe	4	105	109	0	1	3	2026-04-06T20:59:11Z	2026-04-06T20:59:15Z	0	1
-home-hodori/aae9a445-b671-4c12-8302-7c8f68309abf.jsonl	-home-hodori	claude-opus-4-6	17	passenger	211	25064	25275	87	8	2889	2026-04-02T00:50:18Z	2026-04-02T01:38:28Z	0	1
-home-hodori/ab8aaa6b-d328-4d84-8b05-b78a7961d79c.jsonl	-home-hodori	claude-opus-4-6	1	pipe	4	159	163	0	1	5	2026-04-06T20:52:36Z	2026-04-06T20:52:42Z	0	1
-home-hodori/abb9e029-8aa1-4573-89ad-17ac8c85a9c3.jsonl	-home-hodori	claude-opus-4-6	18	passenger	198	17279	17477	85	1	2375	2026-04-07T17:44:21Z	2026-04-07T18:23:57Z	0	1
-home-hodori/ad27412f-c977-4252-9cdb-82695c836228.jsonl	-home-hodori	claude-opus-4-6	1	pipe	4	167	171	0	1	3	2026-04-06T20:51:14Z	2026-04-06T20:51:18Z	0	1
-home-hodori/ad564c3c-abbd-4136-b05c-dad77307cf6f.jsonl	-home-hodori	claude-opus-4-6	1	pipe	4	224	228	0	1	6	2026-04-06T20:50:30Z	2026-04-06T20:50:37Z	0	1
-home-hodori/ae31f2aa-fb9f-468d-a240-ae1a9dfafe99.jsonl	-home-hodori	claude-opus-4-6	1	pipe	4	92	96	0	1	2	2026-04-06T21:03:22Z	2026-04-06T21:03:24Z	0	1
-home-hodori/af4d88ab-520d-4063-b69a-d586915a56f8.jsonl	-home-hodori	claude-opus-4-6	1	pipe	4	93	97	0	1	3	2026-04-06T21:03:47Z	2026-04-06T21:03:50Z	0	1
-home-hodori/b056b196-a8c3-44e4-aff1-3e28126ce9d3.jsonl	-home-hodori	claude-opus-4-5-20251101	1	pipe	20	906	926	0	0	13	2026-04-14T00:16:07Z	2026-04-14T00:16:20Z	0	1
-home-hodori/b07dc387-1ba1-4aee-b515-800da73eeb91.jsonl	-home-hodori	claude-opus-4-5-20251101	9	collaborator	1120	49004	50124	60	1	1383	2026-04-14T13:26:17Z	2026-04-14T13:49:21Z	0	1
-home-hodori/b0ea51ba-20a1-4045-95d0-6aa29a5ae62b.jsonl	-home-hodori	claude-opus-4-7	1	pipe	10	4128	4138	0	1	35	2026-04-19T14:52:32Z	2026-04-19T14:53:08Z	0	1
-home-hodori/b15f90d2-1ba7-428e-afdb-7f0007c90709.jsonl	-home-hodori	claude-opus-4-6	1	pipe	4	136	140	0	1	4	2026-04-06T20:38:32Z	2026-04-06T20:38:36Z	0	1
-home-hodori/b1708570-fa87-4d59-b058-9e0d6f943625.jsonl	-home-hodori	claude-opus-4-5-20251101	1	pipe	20	664	684	0	1	7	2026-04-14T00:19:39Z	2026-04-14T00:19:47Z	0	1
-home-hodori/b18d9120-f4b6-4b99-b356-17cc48783341.jsonl	-home-hodori	claude-opus-4-6	1	pipe	4	102	106	0	1	5	2026-04-06T20:58:42Z	2026-04-06T20:58:48Z	0	1
-home-hodori/b1fb168f-3735-4722-8c2b-64747d75af3d.jsonl	-home-hodori	claude-opus-4-6	85	passenger	419	46126	46545	104	27	29930	2026-03-30T16:23:52Z	2026-03-31T00:42:43Z	0	1
-home-hodori/b26144c5-824e-4681-8f2c-e89cccd7bcf5.jsonl	-home-hodori	claude-opus-4-6	1	pipe	3	52	55	0	1	4	2026-04-06T20:55:19Z	2026-04-06T20:55:24Z	0	1
-home-hodori/b31e5ff6-ec07-436d-b310-817d80077d87.jsonl	-home-hodori	claude-opus-4-7	1	pipe	10	2124	2134	0	1	15	2026-04-19T15:49:00Z	2026-04-19T15:49:16Z	0	1
-home-hodori/b4bd8a3c-f2d9-4d51-a240-6d74830950c9.jsonl	-home-hodori	claude-opus-4-6	1	pipe	4	52	56	0	1	4	2026-04-06T21:01:50Z	2026-04-06T21:01:54Z	0	1
-home-hodori/b58da606-de48-438c-9921-4ae404bf33f6.jsonl	-home-hodori	claude-opus-4-7	1	pipe	6	147	153	0	0	3	2026-04-17T03:43:26Z	2026-04-17T03:43:30Z	0	1
-home-hodori/b70c81cb-0348-4a0c-b4c7-157dd49d228f.jsonl	-home-hodori	claude-opus-4-6	1	pipe	6	92	98	0	1	6	2026-04-06T21:01:01Z	2026-04-06T21:01:08Z	0	1
-home-hodori/b78881a7-44ed-4d04-b6e4-46407a07cafb.jsonl	-home-hodori	claude-opus-4-6	1	pipe	4	148	152	0	1	6	2026-04-06T20:50:38Z	2026-04-06T20:50:45Z	0	1
-home-hodori/b7966404-2495-47fe-a9df-056e28ff6706.jsonl	-home-hodori	claude-opus-4-6	1	pipe	4	267	271	0	1	7	2026-04-06T20:50:58Z	2026-04-06T20:51:06Z	0	1
-home-hodori/b7aff2b4-7012-42d3-b60d-8d5ad6f56e72.jsonl	-home-hodori	claude-opus-4-6	1	pipe	4	140	144	0	1	4	2026-04-06T20:36:35Z	2026-04-06T20:36:40Z	0	1
-home-hodori/b7d35c08-19e6-4982-b892-b32143ed6251.jsonl	-home-hodori	claude-opus-4-5-20251101	1	pipe	72	1042	1114	4	0	27	2026-04-14T00:33:43Z	2026-04-14T00:34:10Z	0	1
-home-hodori/b81c2662-7f2f-4f5c-9c55-d7c2aeb06da4.jsonl	-home-hodori	claude-opus-4-6	1	pipe	6	104	110	0	1	6	2026-04-06T20:59:26Z	2026-04-06T20:59:32Z	0	1
-home-hodori/b90f8e00-3d3e-448f-b8a4-3bc1a5787373.jsonl	-home-hodori	claude-opus-4-6	1	pipe	4	145	149	0	1	5	2026-04-06T20:50:46Z	2026-04-06T20:50:52Z	0	1
-home-hodori/b93f481f-fdc7-4d38-b863-a2e4c52cbcd6.jsonl	-home-hodori	claude-opus-4-5-20251101	32	passenger	2222	39422	41644	101	9	5827	2026-04-15T21:40:10Z	2026-04-15T23:17:17Z	0	1
-home-hodori/b9bc7994-bbe5-480a-bc29-89ee39e7163e.jsonl	-home-hodori	claude-opus-4-5-20251101	1	pipe	120	2588	2708	8	0	27	2026-04-14T00:31:27Z	2026-04-14T00:31:55Z	0	1
-home-hodori/ba016548-a09c-4a84-bacd-98e9d7a8c65c.jsonl	-home-hodori	claude-opus-4-6	1	pipe	3	3	6	0	1	4	2026-04-06T20:48:47Z	2026-04-06T20:48:51Z	0	1
-home-hodori/bacef80d-d037-4e2a-82a5-fed12ad045dc.jsonl	-home-hodori	claude-opus-4-6	1	pipe	6	89	95	0	1	2	2026-04-06T21:02:40Z	2026-04-06T21:02:42Z	0	1
-home-hodori/bae62cf0-6251-47f8-a197-5cdcfc423418.jsonl	-home-hodori	claude-opus-4-6	1	pipe	4	56	60	0	1	4	2026-04-06T20:55:12Z	2026-04-06T20:55:16Z	0	1
-home-hodori/bc08750c-96b5-4fb1-bd4b-2580d3b966f2.jsonl	-home-hodori	claude-opus-4-7	26	passenger	415	250206	250621	65	3	4696	2026-04-16T23:26:18Z	2026-04-17T00:44:35Z	0	1
-home-hodori/bc6c1a58-d331-479c-a79f-ea88d45ea84c.jsonl	-home-hodori	claude-opus-4-7	1	pipe	5	790	795	0	1	14	2026-04-19T15:49:34Z	2026-04-19T15:49:48Z	0	1
-home-hodori/be2b4641-10cb-41ca-875c-4caa77391ebe.jsonl	-home-hodori	claude-opus-4-6	1	pipe	6	94	100	0	1	3	2026-04-06T21:04:36Z	2026-04-06T21:04:40Z	0	1
-home-hodori/c013a134-2977-4618-9a81-fb0f8f05b6e9.jsonl	-home-hodori	claude-opus-4-6	1	pipe	4	136	140	0	1	3	2026-04-06T20:35:59Z	2026-04-06T20:36:03Z	0	1
-home-hodori/c046be53-c3f0-4ed8-bee6-8500f1c4e788.jsonl	-home-hodori	claude-opus-4-6	1	pipe	4	50	54	0	1	5	2026-04-06T20:53:15Z	2026-04-06T20:53:20Z	0	1
-home-hodori/c0651b04-585f-444e-8f2e-2a6351ff9d01.jsonl	-home-hodori	claude-opus-4-6	1	pipe	4	133	137	0	1	3	2026-04-06T20:39:50Z	2026-04-06T20:39:54Z	0	1
-home-hodori/c0b1b2bf-ed3f-4367-b917-161277528563.jsonl	-home-hodori	claude-opus-4-6	1	pipe	6	18	24	0	1	3	2026-04-06T20:35:18Z	2026-04-06T20:35:22Z	0	1
-home-hodori/c21f754a-f2cd-49ed-8a5f-1955caf8e3f8.jsonl	-home-hodori	claude-opus-4-6	1	pipe	4	136	140	0	1	4	2026-04-06T20:37:35Z	2026-04-06T20:37:39Z	0	1
-home-hodori/c2625e71-6e19-4424-aa76-74eca4dab2c8.jsonl	-home-hodori	claude-opus-4-6	1	pipe	4	102	106	0	1	3	2026-04-06T21:00:13Z	2026-04-06T21:00:16Z	0	1
-home-hodori/c406d420-afb9-4fe3-a890-f3e3309e1231.jsonl	-home-hodori	claude-opus-4-5-20251101	1	pipe	88	3096	3184	5	0	51	2026-04-14T00:35:39Z	2026-04-14T00:36:31Z	0	1
-home-hodori/c447f528-d332-4cb4-8b4e-8efd6048f7da.jsonl	-home-hodori	claude-opus-4-7	1	pipe	27	4348	4375	10	0	86	2026-04-19T04:25:39Z	2026-04-19T04:27:05Z	0	1
-home-hodori/c4bb8e1a-d2d7-49af-a814-f6d76cf26325.jsonl	-home-hodori	claude-opus-4-5-20251101	7	collaborator	428	28046	28474	17	3	859	2026-04-17T05:26:56Z	2026-04-17T05:41:15Z	0	1
-home-hodori/c51e612d-826e-4fbb-b0b3-e1140ebe6411.jsonl	-home-hodori	claude-opus-4-6	124	passenger	797	90027	90824	277	26	28604	2026-04-07T09:39:31Z	2026-04-07T17:36:15Z	0	1
-home-hodori/c59ff3ea-667b-4990-b104-94553e01484c.jsonl	-home-hodori	claude-opus-4-6	1	pipe	6	94	100	0	1	4	2026-04-06T21:07:42Z	2026-04-06T21:07:46Z	0	1
-home-hodori/c67f1f16-2b59-42d0-ac94-76dd63e90963.jsonl	-home-hodori	claude-opus-4-6	1	pipe	4	52	56	0	1	5	2026-04-06T20:40:59Z	2026-04-06T20:41:05Z	0	1
-home-hodori/c78abdb2-7bb6-4a0a-b82d-8efe54f1cc24.jsonl	-home-hodori	claude-opus-4-5-20251101	11	collaborator	692	24352	25044	29	3	1534	2026-04-17T06:05:51Z	2026-04-17T06:31:26Z	0	1
-home-hodori/c79157c2-0fac-442d-a950-914e6c91c5e8.jsonl	-home-hodori	claude-opus-4-6	1	pipe	4	92	96	0	1	3	2026-04-06T20:59:34Z	2026-04-06T20:59:37Z	0	1
-home-hodori/c7d7fa0c-203f-415b-ac67-1193f7d4f66b.jsonl	-home-hodori	claude-opus-4-6	43	passenger	419	52215	52634	164	14	5699	2026-04-04T00:06:00Z	2026-04-04T01:41:00Z	0	1
-home-hodori/c85adb95-4177-49ad-a69f-1711939b4af5.jsonl	-home-hodori	claude-opus-4-5-20251101	1	pipe	20	806	826	0	1	11	2026-04-13T23:27:44Z	2026-04-13T23:27:55Z	0	1
-home-hodori/c8a50473-bc17-474c-b87b-baf56eb6b5c4.jsonl	-home-hodori	claude-opus-4-5-20251101	376	passenger	22488	831128	853616	1059	104	31643	2026-04-11T20:31:05Z	2026-04-12T05:18:28Z	0	1
-home-hodori/c8b4c5b8-bca3-4e0a-ba9c-9d3d4abf0b89.jsonl	-home-hodori	claude-opus-4-7	1	pipe	10	2148	2158	0	1	20	2026-04-19T14:54:18Z	2026-04-19T14:54:38Z	0	1
-home-hodori/c95753cc-50e2-45c6-8f5b-69398bdeb307.jsonl	-home-hodori	claude-opus-4-5-20251101	3	governor	108	2473	2581	5	1	4664	2026-04-14T22:55:40Z	2026-04-15T00:13:25Z	0	1
-home-hodori/c97e1912-81fa-4e37-9c90-1ff9b50db20d.jsonl	-home-hodori	claude-opus-4-6	1	pipe	4	121	125	0	1	3	2026-04-06T20:52:16Z	2026-04-06T20:52:19Z	0	1
-home-hodori/ca28b67f-0f2e-4d6d-b79c-2c5bcd4fcca0.jsonl	-home-hodori	claude-opus-4-6	1	pipe	4	56	60	0	1	2	2026-04-06T21:06:39Z	2026-04-06T21:06:42Z	0	1
-home-hodori/ca2ddfc3-9927-4a9e-b5d8-c7c6abff0e66.jsonl	-home-hodori	claude-opus-4-5-20251101	1	pipe	20	52	72	0	0	2	2026-04-14T00:32:32Z	2026-04-14T00:32:34Z	0	1
-home-hodori/ca500c42-37b1-40a4-aa4e-4146891db50a.jsonl	-home-hodori	claude-opus-4-6	1	pipe	6	54	60	0	1	3	2026-04-06T21:04:47Z	2026-04-06T21:04:51Z	0	1
-home-hodori/cb3d1a13-93c8-45d9-87e1-27f469e4370b.jsonl	-home-hodori	claude-opus-4-6	28	passenger	203	23193	23396	67	7	28410	2026-04-01T05:17:45Z	2026-04-01T13:11:15Z	0	1
-home-hodori/cb6d3154-ed39-428c-8852-ee5d9c270fbf.jsonl	-home-hodori	claude-opus-4-6	1	pipe	6	56	62	0	1	5	2026-04-06T21:06:13Z	2026-04-06T21:06:18Z	0	1
-home-hodori/cbe9abd5-b6f8-40cc-b0b6-53255c1b541e.jsonl	-home-hodori	claude-opus-4-6	1	pipe	4	549	553	0	1	12	2026-04-06T20:55:27Z	2026-04-06T20:55:40Z	0	1
-home-hodori/cc20ce03-f4e1-4904-8b5d-122663315550.jsonl	-home-hodori	claude-opus-4-6	1	pipe	4	133	137	0	1	4	2026-04-06T20:41:15Z	2026-04-06T20:41:19Z	0	1
-home-hodori/cc46917d-eac6-4548-8f02-4d7e3fd55e37.jsonl	-home-hodori	claude-opus-4-6	1	pipe	4	151	155	0	1	3	2026-04-06T20:51:27Z	2026-04-06T20:51:31Z	0	1
-home-hodori/ccab9976-63e3-479e-9307-da40513d1efe.jsonl	-home-hodori	claude-opus-4-5-20251101	5	collaborator	292	6524	6816	15	2	159	2026-04-14T15:10:11Z	2026-04-14T15:12:50Z	0	1
-home-hodori/ccc23ece-fb79-478a-a806-6c79b11dcfc0.jsonl	-home-hodori	claude-opus-4-7	1	pipe	10	2112	2122	0	1	19	2026-04-19T15:53:51Z	2026-04-19T15:54:11Z	0	1
-home-hodori/ccc73777-769c-4836-a9ed-754ff375ca68.jsonl	-home-hodori		4	collaborator	0	0	0	0	2	18	2026-04-01T00:08:47Z	2026-04-01T00:09:05Z	0	0
-home-hodori/cccff9e2-0088-4eeb-b7d5-f9c5caf94997.jsonl	-home-hodori	claude-opus-4-6	36	passenger	709	34589	35298	141	10	6133	2026-03-29T03:27:31Z	2026-03-29T05:09:44Z	1	1
-home-hodori/cd4ef66e-5077-48a9-904b-032fb7965c85.jsonl	-home-hodori	claude-opus-4-6	1	pipe	4	48	52	0	1	3	2026-04-06T20:39:45Z	2026-04-06T20:39:49Z	0	1
-home-hodori/cf32d9ef-5263-4847-bf48-e3c4f03e2ac7.jsonl	-home-hodori	claude-opus-4-7	1	pipe	29	4480	4509	12	0	61	2026-04-19T16:47:44Z	2026-04-19T16:48:46Z	0	1
-home-hodori/cf4e9b87-0c51-41e2-8cd1-52b68fdf9d8e.jsonl	-home-hodori	claude-opus-4-6	86	passenger	773	129848	130621	279	24	14291	2026-04-05T11:52:32Z	2026-04-05T15:50:43Z	0	1
-home-hodori/d00a1e46-ff02-4353-82da-3ab85f8dc7ec.jsonl	-home-hodori	claude-opus-4-6	9	collaborator	97	11892	11989	22	2	501	2026-04-08T15:53:27Z	2026-04-08T16:01:48Z	0	1
-home-hodori/d02db076-1bb2-428a-80e5-f09051c1adfc.jsonl	-home-hodori	claude-opus-4-5-20251101	11	collaborator	582	14273	14855	23	4	1628	2026-04-18T17:01:19Z	2026-04-18T17:28:28Z	0	1
-home-hodori/d0a1f016-dc05-4fb2-9e36-c26d2d7ab77b.jsonl	-home-hodori	claude-opus-4-6	1	pipe	4	136	140	0	1	4	2026-04-06T20:36:11Z	2026-04-06T20:36:16Z	0	1
-home-hodori/d10f4615-3e23-484e-9c74-5047a991c8be.jsonl	-home-hodori	claude-opus-4-7	1	pipe	10	2132	2142	0	1	19	2026-04-19T14:49:20Z	2026-04-19T14:49:39Z	0	1
-home-hodori/d13cf77c-a0e0-4f71-9b26-91be10248336.jsonl	-home-hodori	claude-opus-4-6	1	pipe	4	52	56	0	1	8	2026-04-06T21:07:48Z	2026-04-06T21:07:57Z	0	1
-home-hodori/d14b8d0d-6682-4b97-9a13-95ffc18e3d13.jsonl	-home-hodori	claude-opus-4-6	1	pipe	6	103	109	0	1	4	2026-04-06T21:08:00Z	2026-04-06T21:08:04Z	0	1
-home-hodori/d1906d98-9c53-42b3-bc66-0c8b00a88991.jsonl	-home-hodori	claude-opus-4-6	1	pipe	4	54	58	0	1	8	2026-04-06T20:56:13Z	2026-04-06T20:56:22Z	0	1
-home-hodori/d2e29b21-a605-44d7-a908-b16f0e40df5c.jsonl	-home-hodori	claude-opus-4-6	1	pipe	6	94	100	0	1	3	2026-04-06T21:04:09Z	2026-04-06T21:04:13Z	0	1
-home-hodori/d36e1d6d-349b-4a95-851d-bd542ce24622.jsonl	-home-hodori	claude-opus-4-6	2	governor	13	827	840	4	1	256	2026-04-01T00:04:24Z	2026-04-01T00:08:40Z	0	1
-home-hodori/d39fafe4-c984-437c-bb10-e06eddbffbd7.jsonl	-home-hodori	claude-opus-4-5-20251101	1	pipe	20	238	258	0	1	3	2026-04-14T00:27:39Z	2026-04-14T00:27:43Z	0	1
-home-hodori/d3fab6eb-3e54-436b-8822-51d37e78185b.jsonl	-home-hodori	claude-opus-4-6	1	pipe	4	52	56	0	1	4	2026-04-06T20:41:33Z	2026-04-06T20:41:37Z	0	1
-home-hodori/d44c6548-02d5-49c7-9749-76ef2f39d848.jsonl	-home-hodori	claude-opus-4-6	1	pipe	4	145	149	0	1	4	2026-04-06T20:51:56Z	2026-04-06T20:52:01Z	0	1
-home-hodori/d499088e-be5d-4c04-b472-ed162bd246a1.jsonl	-home-hodori	claude-opus-4-6	1	pipe	4	102	106	0	1	3	2026-04-06T21:01:14Z	2026-04-06T21:01:17Z	0	1
-home-hodori/d4ce0b7b-fbbb-4f9f-b705-5a919cba7a7b.jsonl	-home-hodori	claude-opus-4-6	1	pipe	4	135	139	0	1	4	2026-04-06T20:39:00Z	2026-04-06T20:39:04Z	0	1
-home-hodori/d5109a8b-e93a-42dd-b815-6ba08409eda1.jsonl	-home-hodori	claude-opus-4-6	1	pipe	4	102	106	0	1	3	2026-04-06T21:05:57Z	2026-04-06T21:06:00Z	0	1
-home-hodori/d5e9f9f6-a93f-4753-ad82-18812ba11f88.jsonl	-home-hodori	claude-opus-4-6	1	pipe	4	52	56	0	1	3	2026-04-06T20:42:03Z	2026-04-06T20:42:06Z	0	1
-home-hodori/d6d4fad0-13b8-4c51-9197-45cc183f6e60.jsonl	-home-hodori	claude-opus-4-6	1	pipe	4	52	56	0	1	4	2026-04-06T20:42:08Z	2026-04-06T20:42:13Z	0	1
-home-hodori/d70cb621-eb98-433b-a7bb-33c2af4b2101.jsonl	-home-hodori	claude-opus-4-6	1	pipe	6	94	100	0	1	3	2026-04-06T20:58:11Z	2026-04-06T20:58:14Z	0	1
-home-hodori/d76e85a9-072c-4f09-ac7a-794bff5a53cd.jsonl	-home-hodori	claude-opus-4-6	1	pipe	4	267	271	0	1	8	2026-04-06T20:53:46Z	2026-04-06T20:53:55Z	0	1
-home-hodori/d87f1418-a756-4737-b629-9d898343451f.jsonl	-home-hodori	claude-opus-4-6	1	pipe	4	50	54	0	1	5	2026-04-06T20:43:28Z	2026-04-06T20:43:33Z	0	1
-home-hodori/d8d56160-59e9-4614-a0af-3a677968bbf2.jsonl	-home-hodori	claude-opus-4-6	35	passenger	339	32814	33153	138	6	4690	2026-04-04T15:44:21Z	2026-04-04T17:02:31Z	0	1
-home-hodori/d96a4abe-897b-4256-af52-0402bf918521.jsonl	-home-hodori	claude-opus-4-6	1	pipe	4	134	138	0	1	5	2026-04-06T20:39:11Z	2026-04-06T20:39:16Z	0	1
-home-hodori/d9e5763e-da76-479d-a47f-93f7e6988323.jsonl	-home-hodori	claude-opus-4-6	1	pipe	3	14	17	0	1	2	2026-04-12T15:18:46Z	2026-04-12T15:18:48Z	0	1
-home-hodori/d9f89ca9-5bfd-4f69-8cc4-943bb82d92c1.jsonl	-home-hodori	claude-opus-4-6	1	pipe	6	105	111	0	1	4	2026-04-06T21:08:06Z	2026-04-06T21:08:11Z	0	1
-home-hodori/da94df16-97d7-43b5-8bcb-ddccd0af8367.jsonl	-home-hodori	claude-opus-4-6	1	pipe	7	300	307	1	0	14	2026-04-04T06:43:21Z	2026-04-04T06:43:35Z	0	1
-home-hodori/daa5f23c-680e-4bc5-b401-d7267deda449.jsonl	-home-hodori	claude-opus-4-7	1	pipe	4245	15540	19785	15	1	137	2026-04-18T12:59:12Z	2026-04-18T13:01:29Z	0	1
-home-hodori/dad28e6a-a1aa-48dc-95af-5492a59a4541.jsonl	-home-hodori	claude-opus-4-6	1	pipe	6	54	60	0	1	4	2026-04-06T21:05:40Z	2026-04-06T21:05:44Z	0	1
-home-hodori/db16f934-b413-47c3-bd72-deb666d61be3.jsonl	-home-hodori	claude-opus-4-5-20251101	1	pipe	56	1008	1064	2	0	20	2026-04-14T00:32:40Z	2026-04-14T00:33:00Z	0	1
-home-hodori/dc2d05de-bd88-41d6-b20b-6b6c3237d634.jsonl	-home-hodori	claude-opus-4-6	1	pipe	4	46	50	0	1	4	2026-04-06T20:41:21Z	2026-04-06T20:41:25Z	0	1
-home-hodori/dc63ad41-4fb6-4afb-8119-7bac197dd73e.jsonl	-home-hodori	claude-opus-4-7	1	pipe	766	3177	3943	3	0	29	2026-04-17T22:10:34Z	2026-04-17T22:11:04Z	0	1
-home-hodori/dd4916eb-9fdc-4577-baa8-b3e279cab9c4.jsonl	-home-hodori	claude-opus-4-6	285	passenger	9196	292399	301595	1037	86	58114	2026-04-06T11:31:29Z	2026-04-07T03:40:04Z	0	1
-home-hodori/de7005f2-56cc-4e4a-b1f4-bfc9e3bee3df.jsonl	-home-hodori	claude-opus-4-6	1	pipe	4	140	144	0	1	6	2026-04-06T20:55:03Z	2026-04-06T20:55:09Z	0	1
-home-hodori/df471127-990e-4d1e-8ecc-3db1805035ef.jsonl	-home-hodori	claude-opus-4-6	1	pipe	6	73	79	0	1	2	2026-04-06T20:58:21Z	2026-04-06T20:58:24Z	0	1
-home-hodori/df8e0d71-81d5-438f-90bc-7d882ef4efd6.jsonl	-home-hodori	claude-opus-4-6	1	pipe	3	10	13	0	1	2	2026-04-12T15:17:14Z	2026-04-12T15:17:16Z	0	1
-home-hodori/e0012215-9e1e-4c14-84ac-91dcfa84c06b.jsonl	-home-hodori	claude-opus-4-6	1	pipe	4	54	58	0	1	7	2026-04-06T20:49:37Z	2026-04-06T20:49:44Z	0	1
-home-hodori/e0968849-bfb6-4b44-8229-1501b7682cb1.jsonl	-home-hodori	claude-opus-4-6	1	pipe	6	102	108	0	1	7	2026-04-06T20:42:23Z	2026-04-06T20:42:31Z	0	1
-home-hodori/e0d637d7-b1cd-4bab-8d9d-9c2608f15156.jsonl	-home-hodori	claude-opus-4-6	1	pipe	4	201	205	0	1	7	2026-04-06T20:40:12Z	2026-04-06T20:40:20Z	0	1
-home-hodori/e0de2ab4-36f7-4592-a4f5-005325325c48.jsonl	-home-hodori	claude-opus-4-6	100	passenger	4102	654333	658435	463	34	41963	2026-04-08T17:42:09Z	2026-04-09T05:21:33Z	0	1
-home-hodori/e1514c8b-b95a-4d8b-b3d2-cbe3d8f96a0e.jsonl	-home-hodori	claude-opus-4-6	1	pipe	6	104	110	0	1	3	2026-04-06T21:04:53Z	2026-04-06T21:04:57Z	0	1
-home-hodori/e16bc84b-5764-41dd-98f8-d59981abaf97.jsonl	-home-hodori	claude-opus-4-6	17	passenger	140	15406	15546	46	5	4169	2026-04-03T20:51:45Z	2026-04-03T22:01:15Z	0	1
-home-hodori/e264b95b-9d04-492c-a476-cc587e25d28c.jsonl	-home-hodori	claude-opus-4-5-20251101	49	passenger	2652	89319	91971	107	13	33898	2026-04-16T01:58:51Z	2026-04-16T11:23:50Z	0	1
-home-hodori/e2ad2390-74e5-47e8-86ae-0222ad06894b.jsonl	-home-hodori	claude-opus-4-7	47	passenger	2222	369418	371640	124	19	14400	2026-04-16T19:26:09Z	2026-04-16T23:26:10Z	0	1
-home-hodori/e33b2fcb-419d-4203-91b6-64036fd5dbe3.jsonl	-home-hodori	claude-opus-4-6	1	pipe	6	93	99	0	1	3	2026-04-06T21:06:49Z	2026-04-06T21:06:53Z	0	1
-home-hodori/e45c8b4d-582a-403b-b1fe-555c9ee08cc9.jsonl	-home-hodori	claude-opus-4-6	1	pipe	6	93	99	0	1	2	2026-04-06T20:58:06Z	2026-04-06T20:58:09Z	0	1
-home-hodori/e52814a7-8c2e-4904-9c94-a17f26166d34.jsonl	-home-hodori	claude-opus-4-6	1	pipe	6	476	482	0	1	10	2026-04-06T20:51:35Z	2026-04-06T20:51:46Z	0	1
-home-hodori/e5f70802-2863-4f81-9ee8-7213c88f71d6.jsonl	-home-hodori	claude-opus-4-6	105	passenger	1167	81166	82333	276	28	15250	2026-04-05T02:26:54Z	2026-04-05T06:41:04Z	0	1
-home-hodori/e6e79030-83cb-4b82-84c7-e02ff62e276a.jsonl	-home-hodori	claude-opus-4-6	43	passenger	305	35035	35340	118	5	8990	2026-04-03T14:39:43Z	2026-04-03T17:09:34Z	0	1
-home-hodori/e949d7b6-49dd-4bc5-bc5f-7bdbaf11aca9.jsonl	-home-hodori	claude-opus-4-6	1	pipe	6	175	181	0	1	6	2026-04-06T20:50:04Z	2026-04-06T20:50:11Z	0	1
-home-hodori/e95d0b87-dcda-4110-b884-10ca25b2381c.jsonl	-home-hodori	claude-opus-4-7	13	collaborator	1952	438783	440735	170	4	29887	2026-04-18T04:06:02Z	2026-04-18T12:24:10Z	0	1
-home-hodori/e9dea0a0-1b28-42ba-a7c8-c02f5fdf6b6c.jsonl	-home-hodori	claude-opus-4-6	1	pipe	6	98	104	0	1	15	2026-04-06T21:02:45Z	2026-04-06T21:03:00Z	0	1
-home-hodori/e9f4b24a-c609-46f2-be31-2fee3c91f1a1.jsonl	-home-hodori	claude-opus-4-6	1	pipe	4	202	206	0	1	6	2026-04-06T20:49:46Z	2026-04-06T20:49:52Z	0	1
-home-hodori/eaa17aa7-8e21-4e5c-87fb-fc42adb0a3cf.jsonl	-home-hodori	claude-opus-4-6	1	pipe	6	343	349	0	1	8	2026-04-06T20:38:00Z	2026-04-06T20:38:08Z	0	1
-home-hodori/ec386ca3-ab6d-4da4-bf61-8f063e97a54b.jsonl	-home-hodori	claude-opus-4-6	1	pipe	4	56	60	0	1	2	2026-04-06T21:02:09Z	2026-04-06T21:02:12Z	0	1
-home-hodori/ec7e9720-d466-4fb9-afb8-a4a7df368ef7.jsonl	-home-hodori	claude-opus-4-6	1	pipe	4	93	97	0	1	2	2026-04-06T20:58:16Z	2026-04-06T20:58:19Z	0	1
-home-hodori/ed70a534-962e-4b8d-b415-887bcf7fdbd9.jsonl	-home-hodori	claude-opus-4-5-20251101	13	collaborator	1214	31036	32250	58	4	9654	2026-04-15T23:17:37Z	2026-04-16T01:58:31Z	0	1
-home-hodori/ed8c044b-3314-4c4b-b653-d0a2fc717228.jsonl	-home-hodori	claude-opus-4-5-20251101	71	passenger	11570	179216	190786	233	20	8080	2026-04-13T23:43:05Z	2026-04-14T01:57:45Z	0	1
-home-hodori/edc38eef-0478-49d2-a31b-83f0d79b2917.jsonl	-home-hodori	claude-opus-4-6	23	passenger	158	19831	19989	63	4	2957	2026-04-03T03:48:30Z	2026-04-03T04:37:48Z	0	1
-home-hodori/edd5bd2d-db57-435f-b048-0fac81585972.jsonl	-home-hodori	claude-opus-4-6	19	passenger	1605	7924	9529	33	4	2326	2026-04-03T02:11:28Z	2026-04-03T02:50:14Z	0	1
-home-hodori/eeabebb8-63e8-4fc8-9341-f0ef0bc86498.jsonl	-home-hodori	claude-opus-4-6	1	pipe	4	132	136	0	1	4	2026-04-06T20:40:01Z	2026-04-06T20:40:05Z	0	1
-home-hodori/ef5c4f8a-e8dd-460c-92f5-c76e54caa0ec.jsonl	-home-hodori	claude-opus-4-6	1	pipe	4	135	139	0	1	3	2026-04-06T20:35:35Z	2026-04-06T20:35:39Z	0	1
-home-hodori/f01d0920-30c6-41f8-8c63-64462b7ed78b.jsonl	-home-hodori	claude-opus-4-7	1	pipe	10	2390	2400	0	1	20	2026-04-19T15:52:36Z	2026-04-19T15:52:56Z	0	1
-home-hodori/f0351fd3-00c9-4275-a71c-3025a6347886.jsonl	-home-hodori	claude-opus-4-6	1	pipe	6	241	247	0	1	6	2026-04-06T20:40:40Z	2026-04-06T20:40:47Z	0	1
-home-hodori/f0be3841-15ef-4603-8cf9-6b64db688163.jsonl	-home-hodori	claude-opus-4-5-20251101	1	pipe	20	1096	1116	0	1	11	2026-04-13T23:34:24Z	2026-04-13T23:34:36Z	0	1
-home-hodori/f0fc5e4b-67b4-4eed-a691-94cf6a2f5119.jsonl	-home-hodori	claude-opus-4-7	1	pipe	10	3912	3922	0	1	30	2026-04-19T13:55:59Z	2026-04-19T13:56:29Z	0	1
-home-hodori/f16e3b02-bc45-4844-9848-20f32192885f.jsonl	-home-hodori	claude-opus-4-6	1	pipe	6	241	247	0	1	6	2026-04-06T20:40:28Z	2026-04-06T20:40:34Z	0	1
-home-hodori/f173b4fe-dda4-4ed3-b719-c3577155b8dd.jsonl	-home-hodori	claude-opus-4-6	1	pipe	4	247	251	0	1	6	2026-04-06T20:55:50Z	2026-04-06T20:55:57Z	0	1
-home-hodori/f274ecc1-17b5-4667-af1d-49c0f6a66e24.jsonl	-home-hodori	claude-opus-4-5-20251101	40	passenger	3448	135289	138737	181	12	5583	2026-04-11T11:52:46Z	2026-04-11T13:25:49Z	0	1
-home-hodori/f28b8f16-520d-474a-9c93-19cfe884b2b2.jsonl	-home-hodori	claude-opus-4-6	72	passenger	5116	47664	52780	118	17	16572	2026-04-05T23:29:59Z	2026-04-06T04:06:12Z	0	1
-home-hodori/f2c96733-ae37-473c-8e93-3fca634698e6.jsonl	-home-hodori	claude-opus-4-6	1	pipe	4	193	197	0	1	5	2026-04-06T20:35:11Z	2026-04-06T20:35:17Z	0	1
-home-hodori/f3cb534e-81d6-43a9-8830-e55ca2421553.jsonl	-home-hodori	claude-opus-4-6	1	pipe	4	92	96	0	1	4	2026-04-06T21:01:39Z	2026-04-06T21:01:44Z	0	1
-home-hodori/f4959a0f-a409-4c18-beeb-763e56f46246.jsonl	-home-hodori	claude-opus-4-6	48	passenger	464	69416	69880	202	19	8675	2026-04-03T04:43:11Z	2026-04-03T07:07:47Z	0	1
-home-hodori/f5188888-f466-495c-8df9-441512abf148.jsonl	-home-hodori	claude-opus-4-6	1	pipe	4	135	139	0	1	4	2026-04-06T20:36:25Z	2026-04-06T20:36:29Z	0	1
-home-hodori/f554b48b-dd3a-4de4-834e-dafa6e82ad26.jsonl	-home-hodori	claude-opus-4-5-20251101	196	passenger	9618	310572	320190	386	53	73455	2026-04-15T00:52:42Z	2026-04-15T21:16:58Z	0	1
-home-hodori/f68ef81a-8df8-4614-bfc4-98ebe0a2abbe.jsonl	-home-hodori	claude-opus-4-6	1	pipe	4	131	135	0	1	4	2026-04-06T20:39:56Z	2026-04-06T20:40:00Z	0	1
-home-hodori/f7228380-6d9f-4758-83aa-5cf4dce45906.jsonl	-home-hodori	claude-opus-4-6	1	pipe	4	104	108	0	1	6	2026-04-06T21:01:56Z	2026-04-06T21:02:02Z	0	1
-home-hodori/f76108e2-5738-4606-836b-c7b87b7bbd9d.jsonl	-home-hodori	claude-opus-4-6	1	pipe	4	135	139	0	1	4	2026-04-06T20:35:46Z	2026-04-06T20:35:50Z	0	1
-home-hodori/f7a66885-1373-412b-ada7-4f36cae50aa8.jsonl	-home-hodori	claude-opus-4-5-20251101	1	pipe	20	724	744	0	1	9	2026-04-13T23:31:41Z	2026-04-13T23:31:50Z	0	1
-home-hodori/f7bfaaca-048c-4d99-b2b8-222eb33685fa.jsonl	-home-hodori	claude-opus-4-6	159	passenger	795	67925	68720	177	35	60244	2026-03-31T01:27:00Z	2026-03-31T18:11:05Z	0	1
-home-hodori/f874a8f9-4906-45cf-9d5a-3e0b9d9b0de6.jsonl	-home-hodori	claude-opus-4-6	94	passenger	726	95900	96626	251	24	25265	2026-04-03T07:07:53Z	2026-04-03T14:08:59Z	1	1
-home-hodori/fad20f7a-49af-46dc-a74a-ea3b6f6361d9.jsonl	-home-hodori	claude-opus-4-6	1	pipe	6	93	99	0	1	3	2026-04-06T21:05:46Z	2026-04-06T21:05:49Z	0	1
-home-hodori/faf0add9-3e28-4e18-b17d-067b0f5535ce.jsonl	-home-hodori	claude-opus-4-7	44	passenger	2068	230060	232128	175	18	6661	2026-04-18T12:24:20Z	2026-04-18T14:15:22Z	1	1
-home-hodori/fba13b5a-7cf7-4856-b359-0c1dc1349e33.jsonl	-home-hodori	claude-opus-4-6	1	pipe	4	164	168	0	1	3	2026-04-06T20:52:50Z	2026-04-06T20:52:54Z	0	1
-home-hodori/fc9b5ab8-34ec-4478-8d2c-e2ea9bd2bccb.jsonl	-home-hodori	claude-opus-4-6	1	pipe	6	56	62	0	1	3	2026-04-06T21:00:02Z	2026-04-06T21:00:05Z	0	1
-home-hodori/fd1dbebc-4dc4-483e-95d0-932003f8e2be.jsonl	-home-hodori	claude-opus-4-6	52	passenger	512	53007	53519	213	16	5351	2026-04-04T13:19:11Z	2026-04-04T14:48:23Z	0	1
-home-hodori/fd6d2e43-c82d-4bc7-8706-9023543b3429.jsonl	-home-hodori	claude-opus-4-5-20251101	9	collaborator	398	14817	15215	16	2	466	2026-04-14T13:50:19Z	2026-04-14T13:58:06Z	0	1
-home-hodori/fe536dae-5758-48a6-a456-ccdb5b3e3a0e.jsonl	-home-hodori	claude-opus-4-6	1	pipe	6	94	100	0	1	3	2026-04-06T21:06:54Z	2026-04-06T21:06:58Z	0	1
-home-hodori/feefe3f3-96d5-4e7b-a8d9-fbe759464a1a.jsonl	-home-hodori	claude-opus-4-6	1	pipe	4	145	149	0	1	3	2026-04-06T20:49:18Z	2026-04-06T20:49:22Z	0	1
-mnt-c-Users-joshu-OneDrive-human-via-negativa/8f94181c-0ede-46a6-9c3d-7eac5991c9c4.jsonl	-mnt-c-Users-joshu-OneDrive-human-via-negativa	claude-opus-4-6	1	pipe	3	5	8	0	1	3	2026-04-12T20:46:57Z	2026-04-12T20:47:00Z	0	1
-mnt-c-Users-joshu-OneDrive-human-via-negativa/9b654726-af80-4dfb-95b3-56ed02b023d6.jsonl	-mnt-c-Users-joshu-OneDrive-human-via-negativa	claude-opus-4-6	1	pipe	3	5	8	0	1	2	2026-04-12T20:37:44Z	2026-04-12T20:37:46Z	0	1
-mnt-c-Users-joshu-OneDrive-human-via-negativa/c4a2c9de-e90c-4251-8886-769bdc226bc7.jsonl	-mnt-c-Users-joshu-OneDrive-human-via-negativa	claude-opus-4-6	1	pipe	3	5	8	0	1	1	2026-04-12T20:38:30Z	2026-04-12T20:38:32Z	0	1
-mnt-c-Users-joshu-OneDrive-human-via-negativa/e53b4f07-0eca-4b86-b4bb-e18efbbbde5e.jsonl	-mnt-c-Users-joshu-OneDrive-human-via-negativa	claude-opus-4-6	1	pipe	3	5	8	0	1	2	2026-04-12T20:38:35Z	2026-04-12T20:38:38Z	0	1
-mnt-c-Users-joshu-OneDrive-human-via-negativa/ed3458ca-e998-40da-85e1-6ac1b0442fa1.jsonl	-mnt-c-Users-joshu-OneDrive-human-via-negativa	claude-opus-4-6	1	pipe	3	5	8	0	1	2	2026-04-12T20:37:40Z	2026-04-12T20:37:42Z	0	1
-mnt-c-Users-joshu-OneDrive-human-via-negativa/fc762196-e52b-448c-a81f-f67d80bee780.jsonl	-mnt-c-Users-joshu-OneDrive-human-via-negativa	claude-opus-4-6	1	pipe	3	5	8	0	1	4	2026-04-12T20:37:33Z	2026-04-12T20:37:37Z	0	1
-tmp-exp4/0e4032b6-fa5a-4167-ae61-67a1f2611f65.jsonl	-tmp-exp4	claude-sonnet-4-5-20250929	1	pipe	18	1884	1902	0	1	13	2026-04-19T15:49:50Z	2026-04-19T15:50:04Z	0	1
-tmp-exp4/15d0f040-8518-429c-bbe1-66295fa2964e.jsonl	-tmp-exp4	claude-sonnet-4-5-20250929	1	pipe	18	1662	1680	0	1	15	2026-04-19T15:51:49Z	2026-04-19T15:52:04Z	0	1
-tmp-exp4/202c99c4-4b78-4f91-8478-361aba3a106c.jsonl	-tmp-exp4	claude-sonnet-4-5-20250929	1	pipe	18	2194	2212	0	1	15	2026-04-19T15:52:58Z	2026-04-19T15:53:13Z	0	1
-tmp-exp4/2752ac54-bbbf-445b-bc07-a4b161c8ca09.jsonl	-tmp-exp4	claude-sonnet-4-5-20250929	1	pipe	18	1592	1610	0	1	11	2026-04-19T15:52:23Z	2026-04-19T15:52:35Z	0	1
-tmp-exp4/7bc61e2b-a3e7-43a6-9bfb-cdc966cf2fdc.jsonl	-tmp-exp4	claude-sonnet-4-5-20250929	1	pipe	18	2088	2106	0	1	15	2026-04-19T15:54:13Z	2026-04-19T15:54:28Z	0	1
-tmp-exp4/b3606ea0-3ba6-4caa-aa89-995f83ba9675.jsonl	-tmp-exp4	claude-sonnet-4-5-20250929	1	pipe	18	1820	1838	0	1	21	2026-04-19T15:51:05Z	2026-04-19T15:51:26Z	0	1
-tmp-exp4/cdc32cac-fe7f-4d5a-b4d6-fb1825f47d43.jsonl	-tmp-exp4	claude-sonnet-4-5-20250929	1	pipe	18	1710	1728	0	1	14	2026-04-19T15:50:23Z	2026-04-19T15:50:37Z	0	1
-tmp-exp4/ceba5839-3e51-4c96-8c24-bee1d30bbb19.jsonl	-tmp-exp4	claude-sonnet-4-5-20250929	1	pipe	18	2014	2032	0	1	15	2026-04-19T15:53:34Z	2026-04-19T15:53:50Z	0	1
-tmp-exp4/d7d96a76-762a-404b-9cc8-226d35349c43.jsonl	-tmp-exp4	claude-sonnet-4-5-20250929	1	pipe	18	1832	1850	0	1	14	2026-04-19T15:49:17Z	2026-04-19T15:49:32Z	0	1
-tmp-exp4/e77aa736-c142-4bed-a92b-40cf4b271a4c.jsonl	-tmp-exp4	claude-sonnet-4-5-20250929	1	pipe	18	1606	1624	0	1	13	2026-04-19T15:54:46Z	2026-04-19T15:54:59Z	0	1
-tmp/00205543-33e5-45fa-9ada-2a312468683c.jsonl	-tmp	claude-sonnet-4-5-20250929	1	pipe	18	2166	2184	0	1	19	2026-04-19T14:55:19Z	2026-04-19T14:55:38Z	0	1
-tmp/0902184b-cce2-432c-b294-a22dfacddbfc.jsonl	-tmp	claude-sonnet-4-5-20250929	1	pipe	18	2454	2472	0	1	29	2026-04-19T14:52:01Z	2026-04-19T14:52:30Z	0	1
-tmp/0b783ca4-1ade-41f3-8e88-6edfdec5faec.jsonl	-tmp	claude-opus-4-7	1	pipe	10	4262	4272	0	1	35	2026-04-19T13:55:21Z	2026-04-19T13:55:57Z	0	1
-tmp/22d97ffa-7604-4389-a936-64c53b822864.jsonl	-tmp	claude-opus-4-7	1	pipe	6	6	12	0	0	1	2026-04-17T01:55:29Z	2026-04-17T01:55:31Z	0	1
-tmp/554703b6-1668-4b76-bc75-b8c825453ada.jsonl	-tmp	claude-opus-4-7	1	pipe	10	2556	2566	0	1	21	2026-04-19T14:54:56Z	2026-04-19T14:55:17Z	0	1
-tmp/770d2692-cc9b-434c-9f5d-a79f7c527e20.jsonl	-tmp	claude-sonnet-4-5-20250929	1	pipe	18	2170	2188	0	1	21	2026-04-19T14:48:57Z	2026-04-19T14:49:18Z	0	1
-tmp/78e09152-a0bb-4fcd-9eed-bb252f7240f6.jsonl	-tmp	claude-opus-4-7	1	pipe	10	4840	4850	0	1	40	2026-04-19T13:54:00Z	2026-04-19T13:54:41Z	0	1
-tmp/86a5d482-83c6-4e53-903d-58f00a1cc0f5.jsonl	-tmp	claude-opus-4-7	1	pipe	5	1128	1133	0	1	18	2026-04-19T14:49:55Z	2026-04-19T14:50:13Z	0	1
-tmp/8bc31c6c-3f5d-475f-ba5d-7a5b67371003.jsonl	-tmp	claude-opus-4-7	1	pipe	5	1338	1343	0	1	23	2026-04-19T14:53:26Z	2026-04-19T14:53:50Z	0	1
-tmp/8d996e73-cfc8-4f7e-a7aa-d59b7300a1f0.jsonl	-tmp	claude-sonnet-4-5-20250929	1	pipe	18	2392	2410	0	1	24	2026-04-19T14:53:51Z	2026-04-19T14:54:16Z	0	1
-tmp/95d32571-efbb-4ea8-a825-b8b99f928583.jsonl	-tmp	claude-opus-4-7	1	pipe	10	2894	2904	0	1	31	2026-04-19T14:51:28Z	2026-04-19T14:51:59Z	0	1
-tmp/a332f6c1-039f-4cca-9754-577328a21fc4.jsonl	-tmp	claude-opus-4-7	1	pipe	10	5302	5312	0	1	44	2026-04-19T13:56:31Z	2026-04-19T13:57:16Z	0	1
-tmp/bfc6ed0b-2448-4945-8202-348d6d4feab4.jsonl	-tmp	claude-opus-4-7	1	pipe	5	10	15	0	0	1	2026-04-17T01:55:32Z	2026-04-17T01:55:33Z	0	1
-tmp/d01841ba-f62c-4441-9e68-f2fef7168840.jsonl	-tmp	claude-opus-4-7	1	pipe	10	5042	5052	0	1	42	2026-04-19T13:51:03Z	2026-04-19T13:51:45Z	0	1
-tmp/d38b08ea-a458-418d-9f29-762660fcabf8.jsonl	-tmp	claude-opus-4-7	1	pipe	10	6422	6432	0	1	48	2026-04-19T13:52:29Z	2026-04-19T13:53:18Z	0	1
-tmp/e4e3cddf-3242-47da-a791-5fbf022d8d01.jsonl	-tmp	claude-opus-4-7	1	pipe	10	2524	2534	0	1	21	2026-04-19T14:48:34Z	2026-04-19T14:48:56Z	0	1
-tmp/f25f2dc3-b54a-4e75-bce4-60863a1416c2.jsonl	-tmp	claude-sonnet-4-5-20250929	1	pipe	18	3064	3082	0	1	30	2026-04-19T14:50:14Z	2026-04-19T14:50:44Z	0	1
